income_year,quintile,earned,govt_transfers,priv_transfers,ibt,taxes,iat,iat_pct_earned,tax_pct_ibt
1979,Bottom,2768,8094,109,10971,1942,9029,326.2,-226.19
1979,Second,13395,2968,72,16435,7798,8637,64.5,35.52
1979,Middle,24019,1611,36,25666,15209,10457,43.5,56.46
1979,Fourth,33946,1067,14,35027,23047,11980,35.3,64.71
1979,Top,66023,1040,10,67073,46648,20425,30.9,69.06
1979,Average,28030,2956,48,31034,18929,12105,43.2,56.81
1980,Bottom,2429,9332,111,11872,1783,10089,415.4,-315.36
1980,Second,13057,3688,74,16819,7420,9399,72.0,28.02
1980,Middle,24043,1869,37,25949,14593,11356,47.2,52.77
1980,Fourth,35108,1299,15,36422,22691,13731,39.1,60.89
1980,Top,67284,1140,10,68434,46618,21816,32.4,67.58
1980,Average,28384,3466,49,31899,18621,13278,46.8,53.22
1981,Bottom,2342,10135,116,12593,1922,10671,455.6,-355.64
1981,Second,13583,4104,77,17764,7502,10262,75.6,24.45
1981,Middle,25339,2150,39,27528,15026,12502,49.3,50.66
1981,Fourth,37667,1552,15,39234,23822,15412,40.9,59.08
1981,Top,72384,1401,10,73795,47371,26424,36.5,63.49
1981,Average,30263,3868,51,34182,19129,15053,49.7,50.26
1982,Bottom,2145,10731,93,12969,2001,10968,511.3,-411.33
1982,Second,13351,4616,62,18029,7398,10631,79.6,20.37
1982,Middle,26095,2508,31,28634,14391,14243,54.6,45.42
1982,Fourth,39146,1717,12,40875,23075,17800,45.5,54.53
1982,Top,77406,1614,8,79028,46641,32387,41.8,58.16
1982,Average,31629,4237,41,35907,18701,17206,54.4,45.6
1983,Bottom,2076,11516,101,13693,2076,11617,559.6,-459.59
1983,Second,13585,4881,67,18533,7155,11378,83.8,16.25
1983,Middle,27025,2659,34,29718,14006,15712,58.1,41.86
1983,Fourth,41267,1898,13,43178,22605,20573,49.9,50.15
1983,Top,84448,1598,9,86055,46788,39267,46.5,53.5
1983,Average,33680,4510,45,38235,18526,19709,58.5,41.48
1984,Bottom,2763,11541,111,14415,2564,11851,428.9,-328.92
1984,Second,15411,4816,74,20301,8124,12177,79.0,20.99
1984,Middle,29405,2778,37,32220,15214,17006,57.8,42.17
1984,Fourth,44657,1831,15,46503,24334,22169,49.6,50.36
1984,Top,93083,1823,10,94916,50869,44047,47.3,52.68
1984,Average,37064,4558,49,41671,20221,21450,57.9,42.13
1985,Bottom,2395,12628,118,15141,2659,12482,521.2,-421.17
1985,Second,15866,4874,79,20819,8351,12468,78.6,21.42
1985,Middle,30997,2781,39,33817,15795,18022,58.1,41.86
1985,Fourth,47055,1714,16,48785,25174,23611,50.2,49.82
1985,Top,99978,1893,10,101881,52460,49421,49.4,50.57
1985,Average,39258,4778,52,44088,20888,23200,59.1,40.9
1986,Bottom,2698,12690,128,15516,2727,12789,474.0,-374.02
1986,Second,16662,5286,86,22034,8415,13619,81.7,18.26
1986,Middle,32632,3047,43,35722,16349,19373,59.4,40.63
1986,Fourth,50007,1805,17,51829,26490,25339,50.7,49.33
1986,Top,122340,1839,11,124190,57823,66367,54.2,45.75
1986,Average,44868,4933,57,49858,22361,27497,61.3,38.72
1987,Bottom,2747,13352,137,16236,2497,13739,500.1,-400.15
1987,Second,17861,5280,91,23232,8126,15106,84.6,15.42
1987,Middle,33997,2949,46,36992,16179,20813,61.2,38.78
1987,Fourth,52409,1897,18,54324,26290,28034,53.5,46.51
1987,Top,105927,1762,12,107701,58620,49081,46.3,53.67
1987,Average,42588,5048,61,47697,22342,25355,59.5,40.46
1988,Bottom,2781,14212,555,17548,2430,15118,543.6,-443.62
1988,Second,18797,5394,405,24596,8445,16151,85.9,14.08
1988,Middle,36061,2931,276,39268,16799,22469,62.3,37.69
1988,Fourth,55174,1876,147,57197,27052,30145,54.6,45.36
1988,Top,113642,1865,108,115615,61794,53821,47.4,52.64
1988,Average,45291,5256,298,50845,23304,27541,60.8,39.19
1989,Bottom,3050,14943,613,18606,2608,15998,524.5,-424.52
1989,Second,19920,5988,451,26359,8251,18108,90.9,9.1
1989,Middle,37835,3012,306,41153,16947,24206,64.0,36.02
1989,Fourth,58098,2194,161,60453,27492,32961,56.7,43.27
1989,Top,117740,2232,117,120089,61703,58386,49.6,50.41
1989,Average,47329,5674,330,53333,23400,29933,63.2,36.76
1990,Bottom,3143,16012,664,19819,2909,16910,538.0,-438.02
1990,Second,19968,6580,488,27036,9109,17927,89.8,10.22
1990,Middle,38706,3458,331,42495,17520,24975,64.5,35.48
1990,Fourth,59144,2351,175,61670,27978,33692,57.0,43.03
1990,Top,115879,2385,128,118392,61806,56586,48.8,51.17
1990,Average,47368,6157,357,53882,23864,30018,63.4,36.63
1991,Bottom,3015,17512,669,21196,2925,18271,606.0,-506.0
1991,Second,19575,7618,507,27700,8735,18965,96.9,3.12
1991,Middle,38798,3963,346,43107,16999,26108,67.3,32.71
1991,Fourth,60089,2717,182,62988,27852,35136,58.5,41.53
1991,Top,116051,2466,131,118648,61302,57346,49.4,50.59
1991,Average,47506,6855,367,54728,23563,31165,65.6,34.4
1992,Bottom,2652,18982,748,22382,3000,19382,730.8,-630.84
1992,Second,19531,8729,562,28822,8414,20408,104.5,-4.49
1992,Middle,39671,4446,382,44499,17266,27233,68.6,31.35
1992,Fourth,62481,3076,201,65758,28303,37455,59.9,40.05
1992,Top,121375,2808,145,124328,64061,60267,49.7,50.35
1992,Average,49142,7608,408,57158,24209,32949,67.0,32.95
1993,Bottom,2591,20100,791,23482,2930,20552,793.2,-693.21
1993,Second,19790,9591,593,29974,8447,21527,108.8,-8.78
1993,Middle,40739,4632,403,45774,17486,28288,69.4,30.56
1993,Fourth,64391,3071,213,67675,28361,39314,61.1,38.94
1993,Top,127071,2850,154,130075,66435,63640,50.1,49.92
1993,Average,50916,8049,431,59396,24732,34664,68.1,31.92
1994,Bottom,2622,21116,865,24603,2915,21688,827.2,-727.15
1994,Second,21025,9673,632,31330,8509,22821,108.5,-8.54
1994,Middle,42202,4677,431,47310,17791,29519,69.9,30.05
1994,Fourth,66614,3127,229,69970,29355,40615,61.0,39.03
1994,Top,132093,2984,168,135245,68641,66604,50.4,49.58
1994,Average,52911,8315,465,61691,25442,36249,68.5,31.49
1995,Bottom,3177,21953,887,26017,2827,23190,729.9,-629.93
1995,Second,22486,10153,665,33304,9212,24092,107.1,-7.14
1995,Middle,44630,4914,451,49995,18295,31700,71.0,28.97
1995,Fourth,69930,3434,238,73602,29480,44122,63.1,36.91
1995,Top,150235,3348,172,153755,72847,80908,53.9,46.15
1995,Average,58092,8760,483,67335,26532,40803,70.2,29.76
1996,Bottom,3252,22309,911,26472,2890,23582,725.2,-625.15
1996,Second,23510,10430,690,34630,9042,25588,108.8,-8.84
1996,Middle,46299,5311,468,52078,18488,33590,72.6,27.45
1996,Fourth,73063,3493,245,76801,30299,46502,63.6,36.35
1996,Top,163807,3582,176,167565,76588,90977,55.5,44.46
1996,Average,61986,9025,498,71509,27461,44048,71.1,28.94
1997,Bottom,3671,23102,948,27721,3099,24622,670.7,-570.72
1997,Second,24355,10360,709,35424,9429,25995,106.7,-6.73
1997,Middle,48442,5504,477,54423,19009,35414,73.1,26.89
1997,Fourth,76185,3999,249,80433,31077,49356,64.8,35.22
1997,Top,178230,3705,180,182115,81172,100943,56.6,43.36
1997,Average,66177,9334,513,76024,28757,47267,71.4,28.57
1998,Bottom,4091,23116,894,28101,3329,24772,605.5,-505.52
1998,Second,26224,10890,704,37818,9781,28037,106.9,-6.91
1998,Middle,51000,5570,472,57042,19542,37500,73.5,26.47
1998,Fourth,79970,3978,243,84191,32329,51862,64.9,35.15
1998,Top,190781,3826,171,194778,86859,107919,56.6,43.43
1998,Average,70413,9476,497,80386,30368,50018,71.0,28.96
1999,Bottom,4631,23399,963,28993,3510,25483,550.3,-450.27
1999,Second,27994,11159,758,39911,10240,29671,106.0,-5.99
1999,Middle,53938,6153,508,60599,20132,40467,75.0,24.97
1999,Fourth,84441,4051,261,88753,33516,55237,65.4,34.59
1999,Top,201773,3720,184,205677,93003,112674,55.8,44.16
1999,Average,74555,9696,535,84786,32080,52706,70.7,29.31
2000,Bottom,4556,24121,997,29674,3616,26058,571.9,-471.95
2000,Second,28681,11403,806,40890,10219,30671,106.9,-6.94
2000,Middle,55444,6630,540,62614,20211,42403,76.5,23.52
2000,Fourth,87202,4471,275,91948,33997,57951,66.5,33.54
2000,Top,220210,4278,191,224679,97865,126814,57.6,42.41
2000,Average,79219,10181,562,89962,33182,56780,71.7,28.33
2001,Bottom,3933,24825,1103,29861,3537,26324,669.3,-569.31
2001,Second,28216,12817,876,41909,9663,32246,114.3,-14.28
2001,Middle,55547,7579,584,63710,19300,44410,80.0,20.05
2001,Fourth,87690,4650,298,92638,32986,59652,68.0,31.97
2001,Top,202670,4058,209,206937,90508,116429,57.4,42.55
2001,Average,75611,10786,614,87011,31199,55812,73.8,26.19
2002,Bottom,3712,26314,1082,31108,3410,27698,746.2,-646.17
2002,Second,27471,14250,846,42567,8939,33628,122.4,-22.41
2002,Middle,54999,8505,564,64068,18518,45550,82.8,17.18
2002,Fourth,86986,5113,289,92388,31848,60540,69.6,30.4
2002,Top,195793,4252,203,200248,84910,115338,58.9,41.09
2002,Average,73792,11687,597,86076,29525,56551,76.6,23.36
2003,Bottom,3375,27166,1095,31636,3458,28178,834.9,-734.9
2003,Second,27412,14966,870,43248,8501,34747,126.8,-26.76
2003,Middle,55831,8927,580,65338,18011,47327,84.8,15.23
2003,Fourth,89617,5422,295,95334,30861,64473,71.9,28.06
2003,Top,204592,4517,206,209315,82243,127072,62.1,37.89
2003,Average,76165,12200,609,88974,28615,60359,79.2,20.75
2004,Bottom,3555,28377,1134,33066,3667,29399,827.0,-726.98
2004,Second,28499,15867,925,45291,9026,36265,127.3,-27.25
2004,Middle,57238,9341,611,67190,18670,48520,84.8,15.23
2004,Fourth,92275,5756,307,98338,32112,66226,71.8,28.23
2004,Top,221482,4732,211,226425,88134,138291,62.4,37.56
2004,Average,80610,12815,638,94063,30322,63741,79.1,20.93
2005,Bottom,3904,29567,1213,34684,3608,31076,796.0,-696.0
2005,Second,29389,16432,964,46785,9563,37222,126.7,-26.65
2005,Middle,59683,9653,626,69962,19090,50872,85.2,14.76
2005,Fourth,96057,6068,312,102437,32981,69456,72.3,27.69
2005,Top,241291,5478,215,246984,93517,153467,63.6,36.4
2005,Average,86065,13440,666,100171,31752,68419,79.5,20.5
2006,Bottom,4384,30596,1272,36252,4035,32217,734.9,-634.88
2006,Second,31036,16784,989,48809,9885,38924,125.4,-25.42
2006,Middle,61701,9995,638,72334,19725,52609,85.3,14.74
2006,Fourth,99784,6531,318,106633,33889,72744,72.9,27.1
2006,Top,255003,5726,221,260950,97477,163473,64.1,35.89
2006,Average,90382,13926,688,104996,33002,71994,79.7,20.34
2007,Bottom,4701,30926,1242,36869,4005,32864,699.1,-599.09
2007,Second,32270,17683,962,50915,10715,40200,124.6,-24.57
2007,Middle,64116,10753,617,75486,20952,54534,85.1,14.94
2007,Fourth,103239,7123,306,110668,35201,75467,73.1,26.9
2007,Top,261651,6404,212,268267,101870,166397,63.6,36.4
2007,Average,93195,14578,668,108441,34549,73892,79.3,20.71
2008,Bottom,4319,35501,1405,41225,3470,37755,874.2,-774.16
2008,Second,30558,20335,1049,51942,9061,42881,140.3,-40.33
2008,Middle,61930,11961,669,74560,18705,55855,90.2,9.81
2008,Fourth,102113,7689,335,110137,33334,76803,75.2,24.79
2008,Top,241280,6219,236,247735,96815,150920,62.5,37.45
2008,Average,88040,16341,739,105120,32277,72843,82.7,17.26
2009,Bottom,3423,37163,1344,41930,3455,38475,1124.0,-1024.01
2009,Second,27673,22850,1015,51538,8286,43252,156.3,-56.3
2009,Middle,59716,14339,647,74702,17654,57048,95.5,4.47
2009,Fourth,99125,8854,322,108301,32183,76118,76.8,23.21
2009,Top,226271,6787,226,233284,89845,143439,63.4,36.61
2009,Average,83242,17999,711,101952,30285,71667,86.1,13.91
2010,Bottom,3031,39495,1356,43882,3446,40436,1334.1,-1234.08
2010,Second,27077,24647,1027,52751,8484,44267,163.5,-63.49
2010,Middle,58950,15349,660,74959,17549,57410,97.4,2.61
2010,Fourth,99355,9567,330,109252,31973,77279,77.8,22.22
2010,Top,234181,7243,232,241656,91715,149941,64.0,35.97
2010,Average,84519,19260,721,104500,30633,73867,87.4,12.6
2011,Bottom,3105,39642,1433,44180,3722,40458,1303.0,-1203.0
2011,Second,27338,24710,1054,53102,8721,44381,162.3,-62.34
2011,Middle,59736,15264,669,75669,18031,57638,96.5,3.51
2011,Fourth,100751,9382,334,110467,32155,78312,77.7,22.27
2011,Top,243353,7402,237,250992,92073,158919,65.3,34.7
2011,Average,86857,19280,745,106882,30940,75942,87.4,12.57
2012,Bottom,3141,38823,1469,43433,3705,39728,1264.8,-1164.82
2012,Second,27496,24482,1085,53063,8595,44468,161.7,-61.73
2012,Middle,61031,15173,691,76895,18209,58686,96.2,3.84
2012,Fourth,102941,9485,346,112772,33076,79696,77.4,22.58
2012,Top,260240,7875,245,268360,98555,169805,65.2,34.75
2012,Average,90970,19168,767,110905,32428,78477,86.3,13.73
2013,Bottom,3356,39374,1137,43867,3857,40010,1192.2,-1092.19
2013,Second,29220,24714,815,54749,9505,45244,154.8,-54.84
2013,Middle,62539,15281,543,78363,19842,58521,93.6,6.42
2013,Fourth,106357,9976,286,116619,35516,81103,76.3,23.74
2013,Top,258320,7916,210,266446,104013,162433,62.9,37.12
2013,Average,91958,19452,598,112008,34547,77461,84.2,15.76
2014,Bottom,3162,39791,1571,44524,3988,40536,1282.0,-1181.97
2014,Second,29259,24965,1056,55280,9702,45578,155.8,-55.77
2014,Middle,63819,16202,650,80671,20286,60385,94.6,5.38
2014,Fourth,108836,10700,327,119863,36187,83676,76.9,23.12
2014,Top,270977,8630,241,279848,109516,170332,62.9,37.14
2014,Average,95211,20058,769,116038,35936,80102,84.1,15.87
2015,Bottom,3641,40845,1662,46148,3853,42295,1161.6,-1061.63
2015,Second,30890,26249,1150,58289,10235,48054,155.6,-55.56
2015,Middle,67100,17238,717,85055,20885,64170,95.6,4.37
2015,Fourth,114020,11095,361,125476,37780,87696,76.9,23.09
2015,Top,281569,9171,263,291003,114054,176949,62.8,37.16
2015,Average,99444,20920,831,121195,37361,83834,84.3,15.7
2016,Bottom,3628,41794,1803,47225,4048,43177,1190.1,-1090.1
2016,Second,32806,26959,1205,60970,10547,50423,153.7,-53.7
2016,Middle,69191,17224,744,87159,21438,65721,95.0,5.02
2016,Fourth,116955,11637,376,128968,38139,90829,77.7,22.34
2016,Top,288727,9727,278,298732,113528,185204,64.1,35.85
2016,Average,102261,21468,881,124610,37540,87070,85.1,14.86
2017,Bottom,3680,42327,1813,47820,4050,43770,1189.4,-1089.4
2017,Second,34123,27486,1224,62833,10828,52005,152.4,-52.4
2017,Middle,71632,17897,751,90280,22059,68221,95.2,4.76
2017,Fourth,121180,12097,376,133653,38984,94669,78.1,21.88
2017,Top,307084,10020,276,317380,119056,198324,64.6,35.42
2017,Average,107540,21965,888,130393,38995,91398,85.0,15.01
2018,Bottom,3365,44050,1970,49385,4129,45256,1344.9,-1244.9
2018,Second,33375,28398,1280,63053,10930,52123,156.2,-56.17
2018,Middle,74689,18640,782,94111,21537,72574,97.2,2.83
2018,Fourth,125903,12346,396,138645,38272,100373,79.7,20.28
2018,Top,322338,10472,297,333107,118096,215011,66.7,33.3
2018,Average,111934,22781,945,135660,38593,97067,86.7,13.28
2019,Bottom,4069,45284,2417,51770,4632,47138,1158.5,-1058.47
2019,Second,37610,29240,1475,68325,11885,56440,150.1,-50.07
2019,Middle,80152,19388,899,100439,22946,77493,96.7,3.32
2019,Fourth,135202,13254,466,148922,40176,108746,80.4,19.57
2019,Top,341721,11468,360,353549,121417,232132,67.9,32.07
2019,Average,119751,23727,1123,144601,40211,104390,87.2,12.83
2020,Bottom,3211,53517,2229,58957,950,58007,1806.5,-1706.51
2020,Second,33066,42360,1438,76864,6777,70087,212.0,-111.96
2020,Middle,77553,29757,853,108163,17645,90518,116.7,-16.72
2020,Fourth,133081,21052,422,154555,35966,118589,89.1,10.89
2020,Top,352442,16131,314,368887,125386,243501,69.1,30.91
2020,Average,119871,32563,1051,153485,37345,116140,96.9,3.11
2021,Bottom,3311,63511,2025,68847,225,68622,2072.5,-1972.55
2021,Second,35605,45020,1315,81940,6647,75293,211.5,-111.47
2021,Middle,81506,30861,777,113144,18044,95100,116.7,-16.68
2021,Fourth,140475,21091,381,161947,37411,124536,88.7,11.35
2021,Top,404215,16824,282,421321,142758,278563,68.9,31.09
2021,Average,133022,35461,956,169439,41017,128422,96.5,3.46
2022,Bottom,3955,56174,2145,62274,5311,56963,1440.3,-1340.28
2022,Second,36797,38094,1399,76290,13467,62823,170.7,-70.73
2022,Middle,84682,26219,821,111722,25121,86601,102.3,-2.27
2022,Fourth,144097,17938,400,162435,44856,117579,81.6,18.4
2022,Top,378362,14461,295,393118,140174,252944,66.9,33.15
2022,Average,129579,30577,1012,161168,45786,115382,89.0,10.96
