income_year,group,n_households_M,n_households,earned_income,govt_transfers,priv_transfers,income_after_transfers_taxes,iat_pct_earned,tax_rate_pct,social_insurance,means_tested,fed_pit,fed_payroll,fed_corp,fed_excise,fed_other,fed_total,sl_sales,sl_income,sl_property,sl_other,sl_total,total_taxes,irs_data_available,source
1979,Bottom,19.1,19100000,2768,8094,109,9029,326.2,-226.2,5574,2520,-100,700,0,300,233,1133,443,3,256,107,809,1942,False,CBO
1979,Second,15.5,15500000,13395,2968,72,8637,64.5,35.5,2401,567,1700,3500,0,600,767,6567,583,124,385,140,1231,7798,False,CBO
1979,Middle,14.6,14600000,24019,1611,36,10457,43.5,56.5,1404,207,5200,6000,0,800,1277,13277,791,388,562,191,1932,15209,False,CBO
1979,Fourth,15.1,15100000,33946,1067,14,11980,35.3,64.7,953,114,9500,8000,0,900,1702,20102,1062,661,964,258,2945,23047,False,CBO
1979,Top,16.4,16399999,66023,1040,10,20425,30.9,69.1,968,72,28000,9800,0,1300,2546,41646,1699,1101,1791,411,5002,46648,False,CBO
1979,81-90 pctile,8.0,8000000,117000,861,10,86009,73.5,26.5,789,72,14800,9700,0,1000,1303,26803,1795,1038,1810,416,5059,31862,False,CBO
1979,91-95 pctile,4.2,4200000,144700,861,10,105690,73.0,27.0,825,36,21100,10700,0,1200,1822,34822,1795,1038,1810,416,5059,39881,False,CBO
1979,96-99 pctile,3.4,3400000,209800,1291,9,154569,73.7,26.3,1219,72,36300,9700,0,1500,3211,50711,2069,1269,2002,480,5820,56531,False,CBO
1979,Top 1 percent,0.8,800000,664700,2188,5,476043,71.6,28.4,2116,72,152400,6800,0,3100,15912,178212,4101,4022,3563,952,12638,190850,False,CBO
1980,Bottom,19.4,19400000,2429,9332,111,10089,415.4,-315.4,6365,2967,-100,600,0,300,134,934,468,3,260,119,849,1783,False,CBO
1980,Second,15.7,15700000,13057,3688,74,9399,72.0,28.0,2988,700,1800,3300,0,500,497,6097,616,132,418,157,1323,7420,False,CBO
1980,Middle,15.0,15000000,24043,1869,37,11356,47.2,52.8,1652,217,5400,5700,0,600,835,12535,836,422,586,213,2058,14593,False,CBO
1980,Fourth,15.3,15300000,35108,1299,15,13731,39.1,60.9,1173,126,9900,7800,0,700,1146,19546,1122,738,997,287,3145,22691,False,CBO
1980,Top,16.8,16800000,67284,1140,10,21816,32.4,67.6,1103,37,28600,9800,0,1100,1772,41272,1796,1252,1839,459,5346,46618,False,CBO
1980,81-90 pctile,8.2,8199999,113900,1030,10,82640,72.6,27.4,956,74,15500,9600,0,800,965,26865,1911,1179,1876,469,5435,32300,False,CBO
1980,91-95 pctile,4.3,4300000,142200,993,10,102737,72.2,27.8,956,37,22200,10500,0,1000,1331,35031,1911,1179,1876,469,5435,40466,False,CBO
1980,96-99 pctile,3.5,3500000,201700,1397,9,146164,72.5,27.5,1361,37,37200,10000,0,1300,2225,50725,2187,1427,2066,538,6218,56943,False,CBO
1980,Top 1 percent,0.9,900000,636800,2243,5,457250,71.8,28.2,2170,74,147700,7300,0,2600,10616,168216,4338,4508,3670,1066,13582,181798,False,CBO
1981,Bottom,19.2,19200000,2342,10135,116,10671,455.6,-355.6,6871,3264,-100,700,0,300,95,995,496,3,290,138,927,1922,False,CBO
1981,Second,16.1,16100000,13583,4104,77,10262,75.6,24.4,3353,751,1900,3400,0,500,307,6107,653,131,430,181,1395,7502,False,CBO
1981,Middle,15.3,15300000,25339,2150,39,12502,49.3,50.7,1916,234,5600,6100,0,600,531,12831,886,443,618,247,2195,15026,False,CBO
1981,Fourth,15.4,15400000,37667,1552,15,15412,40.9,59.1,1415,137,10400,8600,0,700,742,20442,1190,798,1059,332,3380,23822,False,CBO
1981,Top,17.2,17200000,72384,1401,10,26424,36.5,63.5,1319,82,28700,10700,0,1000,1122,41522,1904,1394,2017,533,5849,47371,False,CBO
1981,81-90 pctile,8.3,8300000,113900,1236,10,81389,71.5,28.5,1154,82,16100,10300,0,800,556,27756,2054,1320,2078,549,6001,33757,False,CBO
1981,91-95 pctile,4.4,4400000,141600,1195,10,100730,71.1,28.9,1154,41,22800,11500,0,900,874,36074,2054,1320,2078,549,6001,42075,False,CBO
1981,96-99 pctile,3.6,3600000,200000,1648,9,143706,71.9,28.1,1607,41,37500,11000,0,1100,1505,51105,2344,1592,2283,627,6846,57951,False,CBO
1981,Top 1 percent,0.9,900000,633700,2637,5,462964,73.1,26.9,2555,82,140700,8600,0,2300,6764,158364,4661,5042,4063,1248,15014,173378,False,CBO
1982,Bottom,19.0,19000000,2145,10731,93,10968,511.3,-411.3,7311,3420,-100,700,0,300,119,1019,537,3,294,149,982,2001,False,CBO
1982,Second,16.1,16100000,13351,4616,62,10631,79.6,20.4,3863,753,1700,3300,0,500,363,5863,707,130,500,198,1535,7398,False,CBO
1982,Middle,15.5,15500000,26095,2508,31,14243,54.6,45.4,2326,182,4900,5900,0,600,618,12018,959,469,678,267,2373,14391,False,CBO
1982,Fourth,15.6,15600000,39146,1717,12,17800,45.5,54.5,1627,90,9400,8500,0,700,889,19489,1288,852,1084,361,3586,23075,False,CBO
1982,Top,17.4,17400000,77406,1614,8,32387,41.8,58.2,1570,44,26600,11200,0,1000,1408,40208,2061,1555,2238,578,6433,46641,False,CBO
1982,81-90 pctile,8.5,8500000,113200,1440,8,81353,71.9,28.1,1396,44,14600,10500,0,800,754,26654,2250,1472,2320,599,6641,33295,False,CBO
1982,91-95 pctile,4.5,4500000,140600,1396,8,101062,71.9,28.1,1352,44,20300,12000,0,900,1101,34301,2250,1472,2320,599,6641,40942,False,CBO
1982,96-99 pctile,3.6,3600000,200000,1963,7,145300,72.7,27.3,1919,44,34300,11900,0,1100,1824,49124,2559,1765,2540,682,7546,56670,False,CBO
1982,Top 1 percent,0.9,900000,667700,3141,4,493007,73.8,26.2,3054,87,139500,10800,0,2200,8183,160683,5228,5893,4641,1393,17155,177838,False,CBO
1983,Bottom,19.1,19100000,2076,11516,101,11617,559.6,-459.6,7615,3901,-100,600,0,400,138,1038,565,3,319,151,1038,2076,False,CBO
1983,Second,16.6,16600000,13585,4881,67,11378,83.8,16.2,4206,675,1400,3100,0,600,432,5532,743,145,535,200,1623,7155,False,CBO
1983,Middle,15.9,15900000,27025,2659,34,15712,58.1,41.9,2469,190,4400,5700,0,700,738,11538,1010,485,702,271,2468,14006,False,CBO
1983,Fourth,16.1,16100000,41267,1898,13,20573,49.9,50.1,1803,95,8400,8500,0,800,1081,18781,1355,916,1188,365,3824,22605,False,CBO
1983,Top,17.6,17600000,84448,1598,9,39267,46.5,53.5,1555,43,25500,11600,0,1200,1696,39996,2169,1664,2375,584,6792,46788,False,CBO
1983,81-90 pctile,8.6,8600000,114800,1382,9,83204,72.5,27.5,1339,43,13400,10800,0,900,919,26019,2353,1562,2450,603,6968,32987,False,CBO
1983,91-95 pctile,4.5,4500000,144300,1382,9,104959,72.7,27.3,1339,43,19000,12400,0,1000,1364,33764,2353,1562,2450,603,6968,40732,False,CBO
1983,96-99 pctile,3.6,3600000,207400,1900,8,153664,74.1,25.9,1857,43,31700,12600,0,1300,2141,47741,2671,1868,2680,685,7904,55645,False,CBO
1983,Top 1 percent,0.9,900000,731200,3196,4,545050,74.5,25.5,3110,86,145600,11600,0,3100,10385,170685,5609,6587,5032,1437,18665,189350,False,CBO
1984,Bottom,19.9,19900000,2763,11541,111,11851,428.9,-328.9,7694,3847,0,800,0,400,227,1427,633,5,338,161,1137,2564,False,CBO
1984,Second,16.8,16800000,15411,4816,74,12177,79.0,21.0,4113,703,1600,3500,0,600,614,6314,833,190,574,214,1810,8124,False,CBO
1984,Middle,16.1,16100000,29405,2778,37,17006,57.8,42.2,2530,248,4600,6200,0,700,995,12495,1131,558,740,290,2719,15214,False,CBO
1984,Fourth,16.3,16300000,44657,1831,15,22169,49.6,50.4,1683,148,8700,9100,0,900,1428,20128,1518,1042,1256,390,4206,24334,False,CBO
1984,Top,17.5,17500000,93083,1823,10,44047,47.3,52.7,1777,46,27100,12700,0,1300,2244,43344,2429,1925,2544,627,7525,50869,False,CBO
1984,81-90 pctile,8.6,8600000,122300,1641,10,88400,72.3,27.7,1550,91,13900,11900,0,1000,1202,28002,2580,1769,2568,632,7549,35551,False,CBO
1984,91-95 pctile,4.4,4400000,155600,1595,10,113387,72.9,27.1,1550,46,19800,13600,0,1200,1669,36269,2580,1769,2568,632,7549,43818,False,CBO
1984,96-99 pctile,3.6,3600000,225000,2051,9,166894,74.2,25.8,2005,46,33600,13800,0,1500,2681,51581,2933,2121,2812,719,8585,60166,False,CBO
1984,Top 1 percent,0.9,900000,813400,4421,5,607305,74.7,25.3,4284,137,160700,12000,0,3500,13545,189745,6232,7669,5347,1528,20776,210521,False,CBO
1985,Bottom,20.0,20000000,2395,12628,118,12482,521.2,-421.2,8328,4300,0,800,0,400,243,1443,678,6,360,172,1216,2659,False,CBO
1985,Second,17.1,17100000,15866,4874,79,12468,78.6,21.4,4224,650,1600,3600,0,600,662,6462,896,188,577,228,1889,8351,False,CBO
1985,Middle,16.3,16300000,30997,2781,39,18022,58.1,41.9,2582,199,4600,6500,0,700,1089,12889,1210,604,784,308,2906,15795,False,CBO
1985,Fourth,16.6,16600000,47055,1714,16,23611,50.2,49.8,1619,95,8700,9500,0,900,1558,20658,1649,1111,1336,420,4516,25174,False,CBO
1985,Top,18.2,18200000,99978,1893,10,49421,49.4,50.6,1801,92,27500,13100,0,1300,2438,44338,2683,2052,2702,685,8122,52460,False,CBO
1985,81-90 pctile,8.9,8900000,121300,1616,10,86306,71.2,28.8,1524,92,13900,12100,0,1000,1297,28297,2905,1926,2786,706,8323,36620,False,CBO
1985,91-95 pctile,4.6,4600000,155000,1477,10,111054,71.6,28.4,1431,46,20000,14100,0,1200,1810,37110,2905,1926,2786,706,8323,45433,False,CBO
1985,96-99 pctile,3.7,3700000,226800,2309,9,166854,73.6,26.4,2262,46,34000,14400,0,1500,2926,52826,3293,2299,3045,801,9438,62264,False,CBO
1985,Top 1 percent,0.9,900000,866300,4479,5,648964,74.9,25.1,4340,139,167500,12400,0,3700,14542,198142,7193,8785,5950,1749,23677,221819,False,CBO
1986,Bottom,20.3,20300000,2698,12690,128,12789,474.0,-374.0,8369,4321,0,800,0,400,265,1465,706,6,376,175,1262,2727,False,CBO
1986,Second,17.3,17300000,16662,5286,86,13619,81.7,18.3,4585,701,1600,3600,0,600,701,6501,900,191,600,223,1914,8415,False,CBO
1986,Middle,16.6,16600000,32632,3047,43,19373,59.4,40.6,2793,254,4700,6700,0,700,1168,13268,1296,629,835,321,3081,16349,False,CBO
1986,Fourth,16.8,16800000,50007,1805,17,25339,50.7,49.3,1705,100,9000,10100,0,900,1689,21689,1764,1162,1436,438,4801,26490,False,CBO
1986,Top,18.3,18300000,122340,1839,11,66367,54.2,45.8,1793,46,31200,13900,0,1400,2744,49244,2843,2148,2881,708,8579,57823,False,CBO
1986,81-90 pctile,8.9,8900000,127600,1471,11,90330,70.8,29.2,1425,46,14500,13100,0,1000,1419,30019,3066,1981,2958,728,8733,38752,False,CBO
1986,91-95 pctile,4.7,4700000,161700,1655,11,115787,71.6,28.4,1609,46,20900,14800,0,1200,1946,38846,3066,1981,2958,728,8733,47579,False,CBO
1986,96-99 pctile,3.7,3700000,249200,2345,10,184111,73.9,26.1,2299,46,37700,15200,0,1600,3207,57707,3421,2311,3194,811,9737,67444,False,CBO
1986,Top 1 percent,1.0,1000000,1136600,4598,5,865374,76.1,23.9,4506,92,213300,12500,0,4400,18172,248372,8157,10543,6823,1933,27456,275828,False,CBO
1987,Bottom,20.1,20100000,2747,13352,137,13739,500.1,-400.1,8668,4684,-100,700,0,400,288,1288,659,7,384,158,1209,2497,False,CBO
1987,Second,17.9,17900000,17861,5280,91,15106,84.6,15.4,4613,667,1200,3500,0,600,740,6040,999,228,618,241,2086,8126,False,CBO
1987,Middle,17.2,17200000,33997,2949,46,20813,61.2,38.8,2686,263,4200,6700,0,700,1249,12849,1382,712,902,334,3330,16179,False,CBO
1987,Fourth,17.2,17200000,52409,1897,18,28034,53.5,46.5,1743,154,8300,10100,0,900,1814,21114,1885,1291,1546,455,5176,26290,False,CBO
1987,Top,18.4,18400000,105927,1762,12,49081,46.3,53.7,1716,46,30900,14300,0,1300,3004,49504,2958,2353,3088,717,9116,58620,False,CBO
1987,81-90 pctile,9.1,9100000,128800,1437,12,91074,70.7,29.3,1391,46,14300,13200,0,1100,1396,29996,3151,2181,3121,726,9179,39175,False,CBO
1987,91-95 pctile,4.6,4600000,166300,1530,12,118059,71.0,29.0,1484,46,21900,15300,0,1300,2104,40604,3151,2181,3121,726,9179,49783,False,CBO
1987,96-99 pctile,3.8,3800000,245000,2365,11,175758,71.7,28.3,2272,93,40000,15800,0,1600,3685,61085,3614,2649,3439,831,10533,71618,False,CBO
1987,Top 1 percent,0.9,900000,911400,3941,6,651330,71.5,28.5,3802,139,200900,14700,0,3600,18779,237979,7764,9855,6633,1786,26038,264017,False,CBO
1988,Bottom,20.3,20300000,2781,14212,555,15118,543.6,-443.6,9281,4931,-200,700,0,400,250,1150,694,7,414,164,1280,2430,False,CBO
1988,Second,18.4,18400000,18797,5394,405,16151,85.9,14.1,4713,681,1200,3700,0,600,698,6198,1076,244,674,254,2247,8445,False,CBO
1988,Middle,17.3,17300000,36061,2931,276,22469,62.3,37.7,2660,271,4300,7100,0,700,1171,13271,1484,730,964,350,3528,16799,False,CBO
1988,Fourth,17.7,17700000,55174,1876,147,30145,54.6,45.4,1772,104,8500,10500,0,900,1664,21564,2044,1328,1632,484,5488,27052,False,CBO
1988,Top,18.8,18800000,113642,1865,108,53821,47.4,52.6,1817,48,33000,15000,0,1400,2806,52206,3104,2435,3311,737,9588,61794,False,CBO
1988,81-90 pctile,9.3,9300000,130300,1530,108,91812,70.5,29.5,1482,48,14400,13700,0,1100,1246,30446,3332,2247,3354,747,9680,40126,False,CBO
1988,91-95 pctile,4.7,4700000,168300,1530,108,119083,70.8,29.2,1482,48,21800,16200,0,1200,1975,41175,3332,2247,3354,747,9680,50855,False,CBO
1988,96-99 pctile,3.8,3800000,253600,2487,100,183594,72.4,27.6,2439,48,40300,16500,0,1600,3346,61746,3734,2639,3636,837,10846,72592,False,CBO
1988,Top 1 percent,0.9,900000,1139900,4017,47,831347,72.9,27.1,3921,96,242100,15600,0,4000,20534,282234,8831,11864,7709,1979,30383,312617,False,CBO
1989,Bottom,20.3,20300000,3050,14943,613,15998,524.5,-424.5,9660,5283,-200,800,0,400,229,1229,761,9,435,174,1379,2608,False,CBO
1989,Second,18.5,18500000,19920,5988,451,18108,90.9,9.1,5141,847,1000,3700,0,600,589,5889,1106,269,732,254,2362,8251,False,CBO
1989,Middle,17.6,17600000,37835,3012,306,24206,64.0,36.0,2733,279,4400,7100,0,700,1001,13201,1537,818,1037,354,3746,16947,False,CBO
1989,Fourth,17.8,17800000,58098,2194,161,32961,56.7,43.3,2025,169,8700,10600,0,900,1448,21648,2149,1461,1740,495,5844,27492,False,CBO
1989,Top,18.9,18900000,117740,2232,117,58386,49.6,50.4,2123,109,32500,15100,0,1300,2472,51372,3333,2667,3560,771,10331,61703,False,CBO
1989,81-90 pctile,9.3,9300000,132300,1851,117,93070,70.3,29.7,1742,109,14900,13700,0,1000,1168,30768,3570,2468,3610,782,10430,41198,False,CBO
1989,91-95 pctile,4.7,4700000,171900,2014,117,122172,71.1,28.9,1905,109,22300,16200,0,1200,1729,41429,3570,2468,3610,782,10430,51859,False,CBO
1989,96-99 pctile,3.9,3900000,258200,2940,107,186829,72.4,27.6,2831,109,41300,16700,0,1500,3060,62560,4057,2960,3952,889,11858,74418,False,CBO
1989,Top 1 percent,1.0,1000000,1063100,4464,53,781833,73.5,26.5,4301,163,218000,16100,0,3300,17001,254401,9171,12184,8019,2009,31383,285784,False,CBO
1990,Bottom,20.7,20700000,3143,16012,664,16910,538.0,-438.0,10133,5879,-200,900,0,400,285,1385,836,10,488,191,1524,2909,False,CBO
1990,Second,18.5,18500000,19968,6580,488,17927,89.8,10.2,5577,1003,1300,4000,0,600,701,6601,1161,286,795,266,2508,9109,False,CBO
1990,Middle,17.5,17500000,38706,3458,331,24975,64.5,35.5,3100,358,4500,7200,0,700,1137,13537,1598,874,1145,366,3983,17520,False,CBO
1990,Fourth,18.0,18000000,59144,2351,175,33692,57.0,43.0,2179,172,8600,10700,0,900,1633,21833,2218,1556,1862,509,6145,27978,False,CBO
1990,Top,19.3,19300000,115879,2385,128,56586,48.8,51.2,2274,111,31200,15400,0,1200,2899,50699,3589,2858,3834,825,11107,61806,False,CBO
1990,81-90 pctile,9.5,9500000,130300,2052,128,90251,69.3,30.7,1941,111,14500,14000,0,1000,1399,30899,3871,2676,3935,848,11330,42229,False,CBO
1990,91-95 pctile,4.9,4900000,167800,2219,128,117914,70.3,29.7,2108,111,21400,16300,0,1200,2003,40903,3871,2676,3935,848,11330,52233,False,CBO
1990,96-99 pctile,4.0,4000000,251700,2884,117,179960,71.5,28.5,2773,111,39600,17300,0,1400,3557,61857,4402,3209,4309,964,12884,74741,False,CBO
1990,Top 1 percent,1.0,1000000,1028400,4604,58,750639,73.0,27.0,4437,166,210000,16700,0,3100,18716,248516,9913,13113,8711,2169,33906,282422,False,CBO
1991,Bottom,21.0,21000000,3015,17512,669,18271,606.0,-506.0,10955,6557,-300,900,0,500,238,1338,854,7,532,194,1587,2925,False,CBO
1991,Second,18.7,18700000,19575,7618,507,18965,96.9,3.1,6282,1336,1100,3800,0,700,550,6150,1205,272,834,274,2585,8735,False,CBO
1991,Middle,18.1,18100000,38798,3963,346,26108,67.3,32.7,3536,427,4300,6900,0,800,898,12898,1659,863,1202,377,4101,16999,False,CBO
1991,Fourth,18.1,18100000,60089,2717,182,35136,58.5,41.5,2475,242,8400,10700,0,1000,1336,21436,2294,1597,2003,522,6416,27852,False,CBO
1991,Top,19.5,19500000,116051,2466,131,57346,49.4,50.6,2351,115,30000,16000,0,1400,2387,49787,3654,2955,4073,833,11515,61302,False,CBO
1991,81-90 pctile,9.6,9600000,128500,2237,131,88948,69.2,30.8,2065,172,14100,13900,0,1100,1126,30226,3931,2751,4160,852,11694,41920,False,CBO
1991,91-95 pctile,4.9,4900000,166300,2237,131,116167,69.9,30.1,2122,115,21000,16800,0,1200,1807,40807,3931,2751,4160,852,11694,52501,False,CBO
1991,96-99 pctile,4.1,4099999,246500,2925,119,174704,70.9,29.1,2810,115,38000,18800,0,1600,3025,61425,4510,3342,4585,978,13415,74840,False,CBO
1991,Top 1 percent,1.0,1000000,920800,4989,61,657451,71.4,28.6,4760,229,195100,20900,0,3400,15843,235243,9708,12482,8864,2103,33157,268400,False,CBO
1992,Bottom,20.7,20700000,2652,18982,748,19382,730.8,-630.8,11813,7169,-300,900,0,500,268,1368,851,6,585,190,1632,3000,False,CBO
1992,Second,19.0,19000000,19531,8729,562,20408,104.5,-4.5,6997,1732,800,3600,0,700,591,5691,1296,263,873,290,2723,8414,False,CBO
1992,Middle,18.0,18000000,39671,4446,382,27233,68.6,31.4,3858,588,4100,7000,0,800,1006,12906,1788,885,1286,400,4360,17266,False,CBO
1992,Fourth,18.2,18200000,62481,3076,201,37455,59.9,40.1,2768,308,8200,10800,0,1000,1491,21491,2429,1670,2168,545,6812,28303,False,CBO
1992,Top,19.7,19700000,121375,2808,145,60267,49.7,50.3,2625,183,31600,16100,0,1400,2659,51759,3902,3179,4343,877,12302,64061,False,CBO
1992,81-90 pctile,9.7,9700000,129500,2503,145,89281,68.9,31.1,2320,183,13900,14100,0,1100,1182,30282,4239,2950,4490,906,12585,42867,False,CBO
1992,91-95 pctile,5.0,5000000,168400,2564,145,117638,69.9,30.1,2381,183,21000,16800,0,1300,1786,40886,4239,2950,4490,906,12585,53471,False,CBO
1992,96-99 pctile,4.0,4000000,256300,3296,132,181771,70.9,29.1,3174,122,39500,19100,0,1700,3229,63529,4860,3581,4948,1039,14428,77957,False,CBO
1992,Top 1 percent,1.0,1000000,1045300,5189,65,740996,70.9,29.1,5006,183,228100,20800,0,3500,19325,271725,10907,14603,9991,2332,37833,309558,False,CBO
1992,Forbes 400,0.0004,400,46790080,5189,10,32531628,69.5,30.5,5006,183,12342242,139045,0,156668,865054,13503009,33055,653676,66843,7067,760641,14263650,True,Forbes400 actual
1993,Bottom,21.1,21100000,2591,20100,791,20552,793.2,-693.2,12439,7661,-400,800,0,500,258,1158,948,4,606,214,1772,2930,False,CBO
1993,Second,19.0,19000000,19790,9591,593,21527,108.8,-8.8,7557,2034,700,3600,0,700,614,5614,1347,264,917,305,2833,8447,False,CBO
1993,Middle,18.2,18200000,40739,4632,403,28288,69.4,30.6,3951,681,4000,7000,0,900,1040,12940,1821,968,1344,413,4546,17486,False,CBO
1993,Fourth,18.5,18500000,64391,3071,213,39314,61.1,38.9,2764,307,8100,10700,0,1000,1521,21321,2553,1714,2193,579,7040,28361,False,CBO
1993,Top,19.9,19900000,127071,2850,154,63640,50.1,49.9,2668,182,32600,16500,0,1500,2843,53443,4105,3383,4571,933,12992,66435,False,CBO
1993,81-90 pctile,9.7,9700000,131300,2547,154,90347,68.8,31.2,2365,182,13800,14200,0,1200,1166,30366,4464,3143,4718,963,13288,43654,False,CBO
1993,91-95 pctile,5.1,5100000,170200,2547,154,118056,69.4,30.6,2426,121,21300,17000,0,1400,1857,41557,4464,3143,4718,963,13288,54845,False,CBO
1993,96-99 pctile,4.1,4099999,257500,3274,140,180400,70.1,29.9,3153,121,40100,19900,0,1800,3442,65242,5130,3827,5208,1107,15272,80514,False,CBO
1993,Top 1 percent,1.0,1000000,1001500,5336,71,681260,68.0,32.0,5094,243,240100,21600,0,3700,21415,286815,11249,14885,10270,2428,38832,325647,False,CBO
1993,Forbes 400,0.0004,400,46319635,5336,10,30650095,66.2,33.8,5094,243,13593238,119574,0,171126,990427,14874365,34733,688451,69840,7498,800522,15674887,True,Forbes400 actual
1994,Bottom,21.5,21500000,2622,21116,865,21688,827.2,-727.2,13144,7972,-600,800,0,600,275,1075,959,3,664,214,1840,2915,False,CBO
1994,Second,19.4,19400000,21025,9673,632,22821,108.5,-8.5,7590,2083,400,3700,0,800,621,5521,1433,270,964,320,2988,8509,False,CBO
1994,Middle,18.7,18700000,42202,4677,431,29519,69.9,30.1,3968,709,4000,7100,0,900,1069,13069,1975,942,1365,440,4722,17791,False,CBO
1994,Fourth,18.8,18800000,66614,3127,229,40615,61.0,39.0,2728,399,8300,11000,0,1100,1587,21987,2697,1802,2266,603,7368,29355,False,CBO
1994,Top,20.0,20000000,132093,2984,168,66604,50.4,49.6,2789,195,33700,17200,0,1500,3027,55427,4220,3481,4568,945,13214,68641,False,CBO
1994,81-90 pctile,9.8,9800000,134000,2660,168,92039,68.7,31.3,2400,259,14400,14600,0,1200,1254,31454,4531,3174,4665,965,13335,44789,False,CBO
1994,91-95 pctile,5.1,5100000,172600,2854,168,119650,69.3,30.7,2660,195,21900,17400,0,1500,1837,42637,4531,3174,4665,965,13335,55972,False,CBO
1994,96-99 pctile,4.1,4099999,263400,3568,152,184032,69.9,30.1,3373,195,41700,20600,0,1800,3640,67740,5213,3873,5152,1110,15348,83088,False,CBO
1994,Top 1 percent,1.0,1000000,1034400,5644,77,697575,67.4,32.6,5384,259,247700,28600,0,3700,23200,303200,11480,15210,10210,2445,39345,342545,False,CBO
1994,Forbes 400,0.0004,400,46166705,5644,11,30867002,66.9,33.1,5384,259,13188098,127072,0,165136,1035453,14515759,35100,678812,68211,7476,789599,15305358,True,Forbes400 actual
1995,Bottom,22.3,22300000,3177,21953,887,23190,729.9,-629.9,13732,8221,-800,900,0,500,255,855,1036,4,698,233,1972,2827,False,CBO
1995,Second,19.2,19200000,22486,10153,665,24092,107.1,-7.1,7905,2248,600,4000,0,800,610,6010,1560,279,1013,350,3202,9212,False,CBO
1995,Middle,18.6,18600000,44630,4914,451,31700,71.0,29.0,4107,807,4200,7300,0,900,1019,13419,2061,980,1373,463,4876,18295,False,CBO
1995,Fourth,19.0,19000000,69930,3434,238,44122,63.1,36.9,3091,343,8500,11100,0,1100,1503,22203,2787,1728,2134,628,7277,29480,False,CBO
1995,Top,20.1,20100000,150235,3348,172,80908,53.9,46.1,3085,263,36500,17600,0,1600,2921,58621,4455,3926,4838,1007,14226,72847,False,CBO
1995,81-90 pctile,9.8,9800000,138000,2954,172,94500,68.5,31.5,2692,263,15000,14900,0,1300,1086,32286,4837,3524,4950,1029,14340,46626,False,CBO
1995,91-95 pctile,5.2,5200000,178500,3085,172,123242,69.0,31.0,2888,197,22900,18000,0,1400,1875,44175,4837,3524,4950,1029,14340,58515,False,CBO
1995,96-99 pctile,4.1,4099999,277500,3808,156,193691,69.8,30.2,3611,197,45200,20600,0,1800,3631,71231,5574,4308,5472,1187,16541,87772,False,CBO
1995,Top 1 percent,1.0,1000000,1150000,6171,76,771899,67.1,32.9,5843,328,283200,28600,0,3900,24395,340095,12580,17856,11139,2678,44253,384348,False,CBO
1995,Forbes 400,0.0004,400,50862862,6171,11,33352476,65.6,34.4,5843,328,15221428,133998,0,172491,1078945,16606862,37796,789776,74087,8048,909707,17516569,True,Forbes400 actual
1996,Bottom,22.3,22300000,3252,22309,911,23582,725.2,-625.2,13875,8434,-900,1000,0,500,249,849,1096,4,702,239,2041,2890,False,CBO
1996,Second,19.6,19600000,23510,10430,690,25588,108.8,-8.8,8218,2212,500,4000,0,700,570,5770,1576,300,1051,345,3272,9042,False,CBO
1996,Middle,19.0,19000000,46299,5311,468,33590,72.6,27.4,4563,748,4300,7400,0,900,964,13564,2106,1007,1351,460,4924,18488,False,CBO
1996,Fourth,19.2,19200000,73063,3493,245,46502,63.6,36.4,3151,342,8800,11400,0,1000,1432,22632,2906,1861,2264,636,7667,30299,False,CBO
1996,Top,20.5,20500000,163807,3582,176,90977,55.5,44.5,3383,199,39900,17800,0,1400,2898,61998,4630,4089,4854,1017,14590,76588,False,CBO
1996,81-90 pctile,10.1,10100000,140500,3184,176,96508,68.7,31.3,2919,265,15400,15000,0,1200,961,32561,5046,3692,5005,1048,14791,47352,False,CBO
1996,91-95 pctile,5.2,5200000,185500,3383,176,128632,69.3,30.7,3184,199,24300,18300,0,1300,1736,45636,5046,3692,5005,1048,14791,60427,False,CBO
1996,96-99 pctile,4.2,4200000,288000,4179,161,201002,69.8,30.2,4046,133,48700,20700,0,1700,3385,74485,5742,4432,5485,1194,16853,91338,False,CBO
1996,Top 1 percent,1.0,1000000,1269700,6169,77,854004,67.3,32.7,5970,199,317600,29300,0,3700,24112,374712,13391,19541,11515,2783,47230,421942,False,CBO
1996,Forbes 400,0.0004,400,74708982,6169,10,50889283,68.1,31.9,5970,199,20773440,127369,0,217708,1418750,22537267,41819,1149765,88334,8693,1288611,23825878,True,Forbes400 actual
1997,Bottom,22.6,22600000,3671,23102,948,24622,670.7,-570.7,14871,8231,-900,1100,0,500,247,947,1121,4,777,250,2152,3099,False,CBO
1997,Second,19.8,19800000,24355,10360,709,25995,106.7,-6.7,8157,2203,600,4200,0,700,535,6035,1656,316,1052,369,3394,9429,False,CBO
1997,Middle,19.3,19300000,48442,5504,477,35414,73.1,26.9,4729,775,4500,7500,0,900,903,13803,2217,1084,1411,494,5206,19009,False,CBO
1997,Fourth,19.4,19400000,76185,3999,249,49356,64.8,35.2,3571,428,9200,11600,0,1000,1358,23158,3019,1984,2242,674,7919,31077,False,CBO
1997,Top,20.9,20900000,178230,3705,180,100943,56.6,43.4,3503,202,43300,18300,0,1500,2899,65999,4726,4362,5026,1059,15173,81172,False,CBO
1997,81-90 pctile,10.3,10300000,144500,3031,180,98295,68.0,32.0,2829,202,16200,15600,0,1200,963,33963,5204,3942,5209,1098,15453,49416,False,CBO
1997,91-95 pctile,5.3,5300000,191900,3638,180,132924,69.3,30.7,3503,135,25800,18500,0,1400,1641,47341,5204,3942,5209,1098,15453,62794,False,CBO
1997,96-99 pctile,4.2,4200000,306900,4648,164,214452,69.9,30.1,4446,202,53100,21300,0,1800,3440,79640,5925,4736,5709,1250,17620,97260,False,CBO
1997,Top 1 percent,1.0,1000000,1471600,6265,75,1002071,68.1,31.9,6130,135,361800,31400,0,3900,26184,423284,14350,22708,12500,3027,52585,475869,False,CBO
1997,Forbes 400,0.0004,400,93042078,6265,9,66938077,71.9,28.1,6130,135,22479638,139783,0,246578,1655478,24521477,44305,1435745,99401,9347,1588798,26110275,True,Forbes400 actual
1998,Bottom,22.9,22900000,4091,23116,894,24772,605.5,-505.5,14727,8389,-1000,1200,0,600,269,1069,1176,5,814,265,2260,3329,False,CBO
1998,Second,20.0,20000000,26224,10890,704,28037,106.9,-6.9,8253,2637,500,4400,0,800,583,6283,1678,363,1079,377,3498,9781,False,CBO
1998,Middle,19.6,19600000,51000,5570,472,37500,73.5,26.5,4719,851,4300,7900,0,900,1008,14108,2220,1204,1511,499,5434,19542,False,CBO
1998,Fourth,19.8,19800000,79970,3978,243,51862,64.9,35.1,3544,434,9300,12200,0,1000,1539,24039,3106,2160,2326,699,8290,32329,False,CBO
1998,Top,21.1,21100000,190781,3826,171,107919,56.6,43.4,3617,209,46600,19100,0,1600,3486,70786,5035,4712,5190,1136,16073,86859,False,CBO
1998,81-90 pctile,10.5,10500000,150300,3269,171,101777,67.7,32.3,2991,278,17000,16200,0,1300,1157,35657,5497,4254,5377,1178,16306,51963,False,CBO
1998,91-95 pctile,5.4,5400000,200400,3756,171,137953,68.8,31.2,3548,209,27200,19400,0,1400,2068,50068,5497,4254,5377,1178,16306,66374,False,CBO
1998,96-99 pctile,4.3,4300000,326300,4730,156,226882,69.5,30.5,4522,209,57500,22200,0,1800,4270,85770,6236,5084,5879,1336,18535,104305,False,CBO
1998,Top 1 percent,1.0,1000000,1664300,7095,69,1144451,68.8,31.2,6817,278,399700,33400,0,4100,31733,468933,15541,25932,13278,3330,58081,527014,False,CBO
1998,Forbes 400,0.0004,400,110487745,7095,9,81767981,74.0,26.0,6817,278,24328248,132162,0,272186,2106668,26839264,47633,1721586,108182,10203,1887604,28726868,True,Forbes400 actual
1999,Bottom,23.0,23000000,4631,23399,963,25483,550.3,-450.3,14873,8526,-1000,1300,0,600,245,1145,1179,6,920,260,2365,3510,False,CBO
1999,Second,20.1,20100000,27994,11159,758,29671,106.0,-6.0,8347,2812,600,4500,0,900,516,6516,1761,411,1165,387,3724,10240,False,CBO
1999,Middle,19.7,19700000,53938,6153,508,40467,75.0,25.0,5101,1052,4400,8200,0,1000,910,14510,2344,1273,1489,515,5622,20132,False,CBO
1999,Fourth,20.0,20000000,84441,4051,261,55237,65.4,34.6,3609,442,9600,12500,0,1200,1383,24683,3259,2367,2489,717,8833,33516,False,CBO
1999,Top,21.4,21400000,201773,3720,184,112674,55.8,44.2,3513,207,51200,19900,0,1800,3365,76265,5340,4975,5246,1177,16738,93003,False,CBO
1999,81-90 pctile,10.5,10500000,156200,3100,184,105371,67.5,32.5,2893,207,17800,16800,0,1400,1021,37021,5847,4508,5502,1235,17092,54113,False,CBO
1999,91-95 pctile,5.4,5400000,208700,3582,184,142827,68.4,31.6,3376,207,29100,20000,0,1600,1847,52547,5847,4508,5502,1235,17092,69639,False,CBO
1999,96-99 pctile,4.4,4400000,342100,4547,170,236293,69.1,30.9,4340,207,62100,23100,0,2100,3998,91298,6563,5306,5970,1386,19225,110523,False,CBO
1999,Top 1 percent,1.1,1100000,1822800,6476,73,1244750,68.3,31.7,6269,207,448600,36500,0,4800,32376,522276,16735,28276,13778,3534,62323,584599,False,CBO
1999,Forbes 400,0.0004,400,133857918,6476,9,98996450,74.0,26.0,6269,207,29750635,130117,0,352490,2377509,32610751,51742,2076457,118076,10926,2257201,34867952,True,Forbes400 actual
2000,Bottom,24.1,24100000,4556,24121,997,26058,571.9,-471.9,15125,8996,-800,1200,0,500,230,1130,1271,3,927,285,2486,3616,False,CBO
2000,Second,20.7,20700000,28681,11403,806,30671,106.9,-6.9,8393,3010,500,4500,0,800,500,6300,1885,405,1206,423,3919,10219,False,CBO
2000,Middle,20.4,20400000,55444,6630,540,42403,76.5,23.5,5455,1175,4400,8200,0,900,879,14379,2456,1335,1492,550,5832,20211,False,CBO
2000,Fourth,20.6,20600000,87202,4471,275,57951,66.5,33.5,3922,549,9900,12700,0,1100,1360,25060,3313,2449,2431,744,8937,33997,False,CBO
2000,Top,21.9,21900000,220210,4278,191,126814,57.6,42.4,3983,295,55000,20400,0,1700,3330,80430,5355,5579,5295,1206,17435,97865,False,CBO
2000,81-90 pctile,10.8,10800000,159800,3688,191,108056,67.6,32.4,3319,369,18600,17100,0,1300,998,37998,5885,4951,5531,1258,17625,55623,False,CBO
2000,91-95 pctile,5.6,5600000,215000,4130,191,147716,68.7,31.3,3909,221,30300,20400,0,1500,1780,53980,5885,4951,5531,1258,17625,71605,False,CBO
2000,96-99 pctile,4.5,4500000,350900,5311,178,242461,69.1,30.9,5089,221,64800,23800,0,1900,3921,94421,6496,5691,5930,1390,19507,113928,False,CBO
2000,Top 1 percent,1.1,1100000,2008600,7302,74,1373331,68.4,31.6,7007,295,497900,39500,0,4500,33107,575007,17195,32578,14187,3679,67639,642646,False,CBO
2000,Forbes 400,0.0004,400,173915618,7302,8,128672875,74.0,26.0,7007,295,38768058,207660,0,389635,2866552,42231905,53884,2820724,132013,11527,3018148,45250053,True,Forbes400 actual
2001,Bottom,24.1,24100000,3933,24825,1103,26324,669.3,-569.3,15115,9710,-1000,1200,0,500,212,912,1332,3,991,299,2625,3537,True,CBO
2001,Second,21.1,21100000,28216,12817,876,32246,114.3,-14.3,9568,3249,-100,4500,0,800,457,5657,1873,403,1309,420,4006,9663,True,CBO
2001,Middle,20.5,20500000,55547,7579,584,44410,80.0,20.0,6330,1249,3500,8100,0,900,797,13297,2517,1377,1545,563,6003,19300,True,CBO
2001,Fourth,20.9,20900000,87690,4650,298,59652,68.0,32.0,4116,534,8600,12700,0,1100,1266,23666,3439,2565,2545,772,9320,32986,True,CBO
2001,Top,22.1,22100000,202670,4058,209,116429,57.4,42.6,3763,295,46700,21000,0,1500,3096,72296,5474,5996,5509,1233,18212,90508,True,CBO
2001,81-90 pctile,10.9,10900000,157400,3615,209,106268,67.5,32.5,3320,295,16800,17500,0,1200,1062,36562,6067,5216,5811,1300,18394,54956,True,CBO
2001,91-95 pctile,5.6,5600000,209300,3689,209,142475,68.1,31.9,3394,295,27700,21400,0,1400,1829,52329,6067,5216,5811,1300,18394,70723,True,CBO
2001,96-99 pctile,4.5,4500000,330900,4870,191,227355,68.7,31.3,4574,295,57600,24600,0,1800,3691,87691,6874,6223,6346,1472,20915,108606,True,CBO
2001,Top 1 percent,1.1,1100000,1599000,7009,87,1076112,67.3,32.7,6640,369,396100,38400,0,3800,27344,465644,16735,30071,13950,3584,64340,529984,True,CBO
2001,Top 0.1 percent,0.1094,109400,4125265,7009,54,2703789,65.5,34.5,6640,369,1162217,56603,0,9804,70545,1299169,24200,77581,22406,5183,129370,1428539,True,IRS T41TS top0.1 cumul
2001,Top 0.01 percent,0.0109,10940,18152300,7009,26,12354998,68.1,31.9,6640,369,4802630,215170,0,43139,310416,5371355,36733,341379,47002,7868,432982,5804337,True,IRS T41TS top0.01 cumul
2001,Top 0.001 percent,0.0011,1094,70942211,7009,13,50215059,70.8,29.2,6640,369,17054439,811927,0,168593,1213158,19248117,48567,1334168,92919,10403,1486057,20734174,True,IRS T41TS top0.001 cumul
2001,Forbes 400,0.0004,400,131098610,7009,10,95718590,73.0,27.0,6640,369,29953455,222874,0,311554,2241872,32729755,53926,2465494,126314,11550,2657284,35387039,True,Forbes400 actual
2002,Bottom,24.9,24900000,3712,26314,1082,27698,746.2,-646.2,16154,10160,-1000,1100,0,500,200,800,1295,1,1018,297,2610,3410,True,CBO
2002,Second,21.3,21300000,27471,14250,846,33628,122.4,-22.4,10406,3844,-500,4300,0,800,441,5041,1848,308,1321,422,3898,8939,True,CBO
2002,Middle,20.9,20900000,54999,8505,564,45550,82.8,17.2,6943,1562,3100,7800,0,900,769,12569,2517,1208,1650,574,5949,18518,True,CBO
2002,Fourth,21.2,21200000,86986,5113,289,60540,69.6,30.4,4474,639,8100,12300,0,1000,1222,22622,3448,2301,2689,788,9226,31848,True,CBO
2002,Top,22.3,22300000,195793,4252,203,115338,58.9,41.1,3943,309,42300,20600,0,1400,2933,67233,5441,5286,5704,1246,17677,84910,True,CBO
2002,81-90 pctile,10.9,10900000,154800,4020,203,106340,68.7,31.3,3634,387,15800,17000,0,1200,991,34991,5922,4561,5916,1293,17692,52683,True,CBO
2002,91-95 pctile,5.7,5700000,205200,3943,203,141621,69.0,31.0,3634,309,25900,21000,0,1300,1833,50033,5922,4561,5916,1293,17692,67725,True,CBO
2002,96-99 pctile,4.6,4600000,318600,4716,185,220084,69.1,30.9,4484,232,53000,24900,0,1600,3650,83150,6771,5513,6504,1479,20267,103417,True,CBO
2002,Top 1 percent,1.1,1100000,1416300,7654,88,956839,67.6,32.4,7190,464,345400,36300,0,3700,24298,409698,15824,24508,13715,3457,57504,467202,True,CBO
2002,Top 0.1 percent,0.1114,111400,3512586,7654,56,2289680,65.2,34.8,7190,464,1000359,50726,0,9176,60263,1120524,22743,60783,21597,4969,110092,1230616,True,IRS T41TS top0.1 cumul
2002,Top 0.01 percent,0.0111,11140,14970380,7654,27,10117015,67.6,32.4,7190,464,4037380,181848,0,39109,256835,4515172,34661,259054,44587,7571,345873,4861045,True,IRS T41TS top0.01 cumul
2002,Top 0.001 percent,0.0011,1114,57185154,7654,14,40313018,70.5,29.5,7190,464,13951626,664953,0,149393,981080,15747052,46001,989558,87144,10049,1132752,16879804,True,IRS T41TS top0.001 cumul
2002,Forbes 400,0.0004,400,104059460,7654,10,76044872,73.1,26.9,7190,464,23806620,178011,0,271849,1785264,26041744,51099,1800692,117555,11162,1980508,28022252,True,Forbes400 actual
2003,Bottom,25.2,25200000,3375,27166,1095,28178,834.9,-734.9,16523,10643,-900,1000,0,500,209,809,1297,0,1056,295,2649,3458,True,CBO
2003,Second,21.5,21500000,27412,14966,870,34747,126.8,-26.8,10704,4262,-900,4200,0,700,476,4476,1870,290,1440,425,4025,8501,True,CBO
2003,Middle,21.0,21000000,55831,8927,580,47327,84.8,15.2,7159,1768,2300,7800,0,900,808,11808,2549,1267,1809,578,6203,18011,True,CBO
2003,Fourth,21.2,21200000,89617,5422,295,64473,71.9,28.1,4683,739,7000,12300,0,1000,1279,21579,3559,2172,2743,808,9282,30861,True,CBO
2003,Top,22.4,22400000,204592,4517,206,127072,62.1,37.9,4121,396,38700,20900,0,1400,2920,63920,5791,5165,6049,1318,18323,82243,True,CBO
2003,81-90 pctile,11.0,11000000,157100,4121,206,109985,70.0,30.0,3725,396,13900,17100,0,1200,935,33135,6249,4436,6258,1364,18307,51442,True,CBO
2003,91-95 pctile,5.7,5700000,208400,4121,206,146660,70.4,29.6,3804,317,23300,21400,0,1300,1760,47760,6249,4436,6258,1364,18307,66067,True,CBO
2003,96-99 pctile,4.5,4500000,328900,5151,187,233357,71.0,29.0,4834,317,49200,25500,0,1700,3551,79951,7139,5355,6877,1559,20930,100881,True,CBO
2003,Top 1 percent,1.1,1100000,1503900,7845,88,1070068,71.2,28.8,7449,396,317500,36000,0,4000,24477,381977,16905,24489,14704,3690,59788,441765,True,CBO
2003,Top 0.1 percent,0.1121,112100,3855564,7845,55,2674092,69.4,30.6,7449,396,948658,51523,0,10255,62753,1073189,24508,62782,23544,5349,116183,1189372,True,IRS T41TS top0.1 cumul
2003,Top 0.01 percent,0.0112,11210,17059457,7845,26,12272425,71.9,28.1,7449,396,3907917,191026,0,45374,277657,4421974,37443,277790,49524,8172,372929,4794903,True,IRS T41TS top0.01 cumul
2003,Top 0.001 percent,0.0011,1121,68905629,7845,13,51374791,74.6,25.4,7449,396,14212748,738794,0,183272,1121497,16256311,49922,1122037,99529,10897,1282385,17538696,True,IRS T41TS top0.001 cumul
2003,Forbes 400,0.0004,400,131241620,7845,9,100598651,76.7,23.3,7449,396,25625692,197663,0,349070,2136068,28308493,55713,2137097,137361,12160,2342331,30650824,True,Forbes400 actual
2004,Bottom,25.7,25700000,3555,28377,1134,29399,827.0,-727.0,16984,11393,-900,1100,0,500,212,912,1308,0,1134,313,2755,3667,True,CBO
2004,Second,21.6,21600000,28499,15867,925,36265,127.3,-27.3,10846,5021,-800,4300,0,700,504,4704,2009,297,1536,480,4322,9026,True,CBO
2004,Middle,21.3,21300000,57238,9341,611,48520,84.8,15.2,7418,1923,2500,7900,0,900,874,12174,2711,1296,1842,647,6496,18670,True,CBO
2004,Fourth,21.4,21400000,92275,5756,307,66226,71.8,28.2,4897,859,7300,12600,0,1000,1395,22295,3748,2308,2867,894,9817,32112,True,CBO
2004,Top,22.5,22500000,221482,4732,211,138291,62.4,37.6,4338,394,42600,21000,0,1600,3217,68417,6156,5596,6491,1474,19717,88134,True,CBO
2004,81-90 pctile,11.1,11100000,162300,4338,211,113216,69.8,30.2,3864,473,14500,17300,0,1200,1054,34054,6642,4718,6698,1521,19579,53633,True,CBO
2004,91-95 pctile,5.7,5700000,217400,4101,211,152884,70.3,29.7,3786,315,24300,21700,0,1400,1849,49249,6642,4718,6698,1521,19579,68828,True,CBO
2004,96-99 pctile,4.6,4600000,348400,5442,195,247876,71.1,28.9,5126,315,53300,25200,0,1800,3911,84211,7443,5543,7259,1704,21949,106160,True,CBO
2004,Top 1 percent,1.1,1100000,1797000,8281,86,1300886,72.4,27.6,7887,394,365600,36700,0,4700,29397,436397,18725,28588,16485,4286,68084,504481,True,CBO
2004,Top 0.1 percent,0.1133,113300,5024031,8281,51,3578800,71.2,28.8,7887,394,1158575,58176,0,13140,82187,1312078,27663,79927,27563,6332,141485,1453563,True,IRS T41TS top0.1 cumul
2004,Top 0.01 percent,0.0113,11330,22891927,8281,24,16888955,73.8,26.2,7887,394,4876255,226314,0,59873,374485,5536927,41768,364183,58838,9561,474350,6011277,True,IRS T41TS top0.01 cumul
2004,Top 0.001 percent,0.0011,1133,91373061,8281,12,69638594,76.2,23.8,7887,394,17499592,870727,0,238984,1494756,20104059,54938,1453637,117550,12576,1638701,21742760,True,IRS T41TS top0.001 cumul
2004,Forbes 400,0.0004,400,172777165,8281,9,134919624,78.1,21.9,7887,394,31375830,226353,0,451894,2826431,34880508,61028,2748680,161644,13971,2985323,37865831,True,Forbes400 actual
2005,Bottom,26.1,26100000,3904,29567,1213,31076,796.0,-696.0,17740,11827,-1100,1100,0,500,229,729,1377,0,1155,346,2879,3608,True,CBO
2005,Second,21.7,21700000,29389,16432,964,37222,126.7,-26.7,11336,5096,-800,4500,0,700,535,4935,2100,354,1646,528,4628,9563,True,CBO
2005,Middle,21.6,21600000,59683,9653,626,50872,85.2,14.8,7666,1987,2600,8000,0,800,877,12277,2822,1370,1913,708,6813,19090,True,CBO
2005,Fourth,21.6,21600000,96057,6068,312,69456,72.3,27.7,5189,879,7400,12600,0,1000,1373,22373,3930,2653,3036,988,10608,32981,True,CBO
2005,Top,22.8,22800000,241291,5478,215,153467,63.6,36.4,4980,498,46800,20900,0,1500,3164,72364,6551,6202,6750,1651,21153,93517,True,CBO
2005,81-90 pctile,11.3,11300000,165200,4897,215,115117,69.7,30.3,4399,498,14800,17300,0,1200,834,34134,7106,5206,7030,1719,21061,55195,True,CBO
2005,91-95 pctile,5.8,5800000,225000,5063,215,159333,70.8,29.2,4648,415,25300,21600,0,1300,1684,49884,7106,5206,7030,1719,21061,70945,True,CBO
2005,96-99 pctile,4.6,4600000,376600,6308,199,270204,71.7,28.3,5810,498,58900,24900,0,1800,3726,89326,7948,6097,7609,1923,23577,112903,True,CBO
2005,Top 1 percent,1.1,1100000,2170400,9462,83,1594188,73.5,26.5,9047,415,432200,37700,0,5300,31078,506278,20993,35142,18267,5077,79479,585757,True,CBO
2005,Top 0.1 percent,0.1145,114500,6286542,9462,49,4543690,72.3,27.7,9047,415,1412912,62718,0,15351,90017,1580998,30991,101790,31088,7495,171364,1752362,True,IRS T41TS top0.1 cumul
2005,Top 0.01 percent,0.0115,11450,29083260,9462,23,21732342,74.7,25.3,9047,415,6027994,249682,0,71020,416445,6765141,46294,470905,66866,11196,595261,7360402,True,IRS T41TS top0.01 cumul
2005,Top 0.001 percent,0.0011,1145,114971933,9462,11,88241770,76.8,23.2,9047,415,21789094,954085,0,280755,1646290,24670224,60300,1861582,132946,14584,2069412,26739636,True,IRS T41TS top0.001 cumul
2005,Forbes 400,0.0004,400,213913695,9462,8,167182703,78.2,21.8,9047,415,38999915,427415,0,522366,3063044,43012740,66653,3463607,181342,16120,3727722,46740462,True,Forbes400 actual
2006,Bottom,25.9,25900000,4384,30596,1272,32217,734.9,-634.9,18752,11844,-1100,1200,0,500,233,833,1513,1,1305,384,3202,4035,True,CBO
2006,Second,22.0,22000000,31036,16784,989,38924,125.4,-25.4,11749,5035,-800,4600,0,700,492,4992,2251,405,1666,570,4893,9885,True,CBO
2006,Middle,22.2,22200000,61701,9995,638,52609,85.3,14.7,8109,1886,2700,8000,0,800,802,12302,3079,1548,2016,779,7423,19725,True,CBO
2006,Fourth,22.1,22100000,99784,6531,318,72744,72.9,27.1,5648,883,7700,12700,0,900,1254,22554,4142,2876,3267,1050,11335,33889,True,CBO
2006,Top,23.2,23200000,255003,5726,221,163473,64.1,35.9,5235,491,49100,21200,0,1400,2992,74692,7005,6740,7261,1779,22785,97477,True,CBO
2006,81-90 pctile,11.4,11400000,169400,5153,221,117116,69.1,30.9,4581,573,15400,17600,0,1100,792,34892,7645,5671,7590,1860,22766,57658,True,CBO
2006,91-95 pctile,5.9,5900000,230100,5317,221,162308,70.5,29.5,4908,409,26200,21600,0,1200,1564,50564,7645,5671,7590,1860,22766,73330,True,CBO
2006,96-99 pctile,4.7,4700000,388300,6626,205,278618,71.8,28.2,6217,409,61000,25100,0,1700,3449,91249,8478,6560,8163,2063,25264,116513,True,CBO
2006,Top 1 percent,1.1,1100000,2348800,9898,84,1737263,74.0,26.0,9407,491,459600,38600,0,4600,30441,533241,22931,39687,20080,5579,88277,621518,True,CBO
2006,Top 0.1 percent,0.1161,116100,6968523,9898,48,5085293,73.0,27.0,9407,491,1528780,65868,0,13647,90315,1698610,33972,117745,34585,8264,194566,1893176,True,IRS T41TS top0.1 cumul
2006,Top 0.01 percent,0.0116,11610,32588991,9898,22,24658297,75.7,24.3,9407,491,6501012,265092,0,63824,422366,7252294,50579,550645,74791,12305,688320,7940614,True,IRS T41TS top0.01 cumul
2006,Top 0.001 percent,0.0012,1161,132840343,9898,11,103311912,77.8,22.2,9407,491,24034268,1044643,0,260161,1721664,27060736,65991,2244556,151002,16055,2477604,29538340,True,IRS T41TS top0.001 cumul
2006,Forbes 400,0.0004,400,263305685,9898,8,208814520,79.3,20.7,9407,491,45216408,603460,0,515670,3412547,49748085,73523,4448985,212592,17886,4752986,54501071,True,Forbes400 actual
2007,Bottom,26.6,26600000,4701,30926,1242,32864,699.1,-599.1,18601,12325,-1300,1400,0,400,263,763,1544,1,1320,377,3242,4005,True,CBO
2007,Second,22.2,22200000,32270,17683,962,40200,124.6,-24.6,12432,5251,-500,4800,0,600,550,5450,2373,453,1860,579,5265,10715,True,CBO
2007,Middle,22.0,22000000,64116,10753,617,54534,85.1,14.9,8583,2170,3100,8400,0,700,915,13115,3221,1673,2159,785,7837,20952,True,CBO
2007,Fourth,22.1,22100000,103239,7123,306,75467,73.1,26.9,6118,1005,8100,12900,0,800,1383,23183,4351,3139,3467,1062,12018,35201,True,CBO
2007,Top,23.2,23200000,261651,6404,212,166397,63.6,36.4,5885,519,51800,21600,0,1300,3238,77938,7345,7151,7640,1796,23932,101870,True,CBO
2007,81-90 pctile,11.5,11500000,172500,5712,212,118821,68.9,31.1,5106,606,16000,17900,0,1000,956,35856,7961,5970,7947,1869,23747,59603,True,CBO
2007,91-95 pctile,5.9,5900000,236000,6144,212,166247,70.4,29.6,5625,519,27400,22100,0,1100,1762,52362,7961,5970,7947,1869,23747,76109,True,CBO
2007,96-99 pctile,4.7,4700000,400900,7702,198,287411,71.7,28.3,7183,519,64200,25600,0,1500,3838,95138,8795,6868,8524,2064,26251,121389,True,CBO
2007,Top 1 percent,1.1,1100000,2473900,10471,80,1830107,74.0,26.0,9952,519,485200,40200,0,3600,32128,561128,24026,42378,21175,5637,93216,654344,True,CBO
2007,Top 0.1 percent,0.1169,116899,7765246,10471,45,5711500,73.6,26.4,9952,519,1663244,73697,0,11300,100847,1849088,36156,133021,37515,8483,215175,2064263,True,IRS T41TS top0.1 cumul
2007,Top 0.01 percent,0.0117,11690,37970449,10471,20,28932887,76.2,23.8,9952,519,7386280,313336,0,55254,493121,8247991,53988,650449,82957,12668,800062,9048053,True,IRS T41TS top0.01 cumul
2007,Top 0.001 percent,0.0012,1169,165406179,10471,10,129531050,78.3,21.7,9952,519,29078372,1324374,0,240698,2148126,32791570,70811,2833471,173141,16617,3094040,35885610,True,IRS T41TS top0.001 cumul
2007,Forbes 400,0.0004,400,344758528,10471,7,275428020,79.9,20.1,9952,519,57311350,796933,0,501690,4477370,63087343,79235,5905847,249968,18593,6253643,69340986,True,Forbes400 actual
2008,Bottom,26.7,26700000,4319,35501,1405,37755,874.2,-774.2,21913,13588,-2000,1300,0,400,242,-58,1688,0,1418,422,3528,3470,True,CBO
2008,Second,22.3,22300000,30558,20335,1049,42881,140.3,-40.3,14060,6275,-2000,4600,0,600,469,3669,2417,402,1970,603,5392,9061,True,CBO
2008,Middle,22.2,22200000,61930,11961,669,55855,90.2,9.8,9569,2392,1200,8100,0,700,726,10726,3241,1677,2254,807,7979,18705,True,CBO
2008,Fourth,22.2,22200000,102113,7689,335,76803,75.2,24.8,6645,1044,6200,12700,0,800,1149,20849,4450,3263,3661,1111,12485,33334,True,CBO
2008,Top,23.0,23000000,241280,6219,236,150920,62.5,37.5,5678,541,45700,22100,0,1200,2963,71963,7384,7654,7967,1847,24852,96815,True,CBO
2008,81-90 pctile,11.3,11300000,169200,5768,236,116861,69.1,30.9,5137,631,14000,18100,0,900,978,33978,7923,6340,8201,1901,24365,58343,True,CBO
2008,91-95 pctile,5.9,5900000,228500,5949,236,159414,69.8,30.2,5408,541,25500,22600,0,1100,1706,50906,7923,6340,8201,1901,24365,75271,True,CBO
2008,96-99 pctile,4.7,4700000,371900,6670,217,260834,70.1,29.9,6219,451,58800,26700,0,1500,3559,90559,8896,7465,8899,2134,27394,117953,True,CBO
2008,Top 1 percent,1.1,1100000,2018700,10275,93,1452010,71.9,28.1,9644,631,415600,41300,0,4300,26247,487447,22867,40522,20734,5488,89611,577058,True,CBO
2008,Top 0.1 percent,0.1173,117300,6214806,10275,53,4446261,71.5,28.5,9644,631,1408663,72099,0,13238,80803,1574803,34626,124754,36380,8310,204070,1778873,True,IRS T41TS top0.1 cumul
2008,Top 0.01 percent,0.0117,11730,29946347,10275,24,22206559,74.2,25.8,9644,631,6252163,299118,0,63788,389354,7004423,52154,601137,79856,12517,745664,7750087,True,IRS T41TS top0.01 cumul
2008,Top 0.001 percent,0.0012,1173,130366441,10275,12,99342295,76.2,23.8,9644,631,24933032,1259747,0,277691,1694986,28165456,68877,2616950,166619,16530,2868976,31034432,True,IRS T41TS top0.001 cumul
2008,Forbes 400,0.0004,400,270510160,10275,8,211133990,78.1,21.9,9644,631,48982712,544525,0,576209,3517094,53620540,77206,5430167,240011,18529,5765913,59386453,True,Forbes400 actual
2009,Bottom,26.2,26200000,3423,37163,1344,38475,1124.0,-1024.0,22984,14179,-1700,1100,0,400,212,12,1623,0,1445,375,3443,3455,True,CBO
2009,Second,22.6,22600000,27673,22850,1015,43252,156.3,-56.3,16072,6778,-2200,4100,0,600,439,2939,2360,288,2153,546,5347,8286,True,CBO
2009,Middle,22.2,22200000,59716,14339,647,57048,95.5,4.5,11411,2928,1100,7600,0,700,702,10102,3098,1394,2345,715,7552,17654,True,CBO
2009,Fourth,22.3,22300000,99125,8854,322,76118,76.8,23.2,7630,1224,5900,12400,0,800,1141,20241,4278,2879,3797,988,11942,32183,True,CBO
2009,Top,23.2,23200000,226271,6787,226,143439,63.4,36.6,6162,625,39600,22100,0,1100,2784,65584,7099,6958,8560,1644,24261,89845,True,CBO
2009,81-90 pctile,11.5,11500000,164300,6519,226,114127,69.5,30.5,5805,714,13300,17800,0,900,986,32986,7634,5823,8787,1688,23932,56918,True,CBO
2009,91-95 pctile,5.9,5900000,221300,6608,226,155107,70.1,29.9,5983,625,23700,22600,0,1000,1795,49095,7634,5823,8787,1688,23932,73027,True,CBO
2009,96-99 pctile,4.7,4700000,348200,6876,204,242530,69.7,30.3,6340,536,52600,27700,0,1300,3589,85189,8791,7114,9713,1944,27562,112751,True,CBO
2009,Top 1 percent,1.1,1100000,1577700,10270,96,1109062,70.3,29.7,9555,714,335000,40200,0,3200,22445,400845,20676,32237,20674,4572,78159,479004,True,CBO
2009,Top 0.1 percent,0.1176,117600,4535545,10270,57,3143109,69.3,30.7,9555,714,1101116,62164,0,9199,64523,1237002,31147,92674,35054,6886,165761,1402763,True,IRS T41TS top0.1 cumul
2009,Top 0.01 percent,0.0118,11760,21240160,10270,26,15249968,71.8,28.2,9555,714,4844895,242341,0,43081,302164,5432481,47626,433993,75858,10530,568007,6000488,True,IRS T41TS top0.01 cumul
2009,Top 0.001 percent,0.0012,1176,95205128,10270,12,70588482,74.1,25.9,9555,714,19855204,1040133,0,193102,1354397,22442836,64035,1945296,160602,14159,2184092,24626928,True,IRS T41TS top0.001 cumul
2009,Forbes 400,0.0004,400,202417298,10270,8,153984399,76.1,23.9,9555,714,40292162,402431,0,410557,2879607,43984757,72324,4135928,234177,15991,4458420,48443177,True,Forbes400 actual
2010,Bottom,27.1,27100000,3031,39495,1356,40436,1334.1,-1234.1,23869,15626,-1700,1100,0,500,242,142,1581,0,1369,354,3304,3446,True,CBO
2010,Second,22.9,22900000,27077,24647,1027,44267,163.5,-63.5,16938,7709,-2000,4100,0,600,476,3176,2289,253,2251,515,5308,8484,True,CBO
2010,Middle,22.6,22600000,58950,15349,660,57410,97.4,2.6,12173,3176,1300,7400,0,700,731,10131,3107,1292,2322,697,7418,17549,True,CBO
2010,Fourth,22.8,22800000,99355,9567,330,77279,77.8,22.2,8200,1367,6300,12100,0,800,1152,20352,4160,2706,3820,935,11621,31973,True,CBO
2010,Top,23.6,23600000,234181,7243,232,149941,64.0,36.0,6609,634,42400,21700,0,1200,2618,67918,7012,6645,8560,1579,23797,91715,True,CBO
2010,81-90 pctile,11.7,11700000,163700,6971,232,114343,69.8,30.2,6247,724,14000,17400,0,900,860,33160,7532,5464,8784,1620,23400,56560,True,CBO
2010,91-95 pctile,5.9,5900000,223800,6971,232,157765,70.5,29.5,6428,543,25000,22200,0,1000,1638,49838,7532,5464,8784,1620,23400,73238,True,CBO
2010,96-99 pctile,4.8,4800000,357800,7424,212,251340,70.2,29.8,6971,453,55700,27100,0,1400,3296,87496,8571,6560,9625,1844,26600,114096,True,CBO
2010,Top 1 percent,1.1,1100000,1813300,10774,94,1306207,72.0,28.0,9959,815,369400,40400,0,4100,23293,437193,21276,33245,21670,4577,80768,517961,True,CBO
2010,Top 0.1 percent,0.12,120000,5502277,10774,54,3927375,71.4,28.6,9959,815,1256982,67802,0,12441,70681,1407906,32257,100880,37747,6940,177824,1585730,True,IRS T41TS top0.1 cumul
2010,Top 0.01 percent,0.012,12000,27146782,10774,24,20166518,74.3,25.7,9959,815,5657261,282420,0,61381,348720,6349782,49146,497714,83846,10574,641280,6991062,True,IRS T41TS top0.01 cumul
2010,Top 0.001 percent,0.0012,1200,123501481,10774,11,94587452,76.6,23.4,9959,815,23298519,1237837,0,279246,1586464,26402066,65516,2264301,178837,14095,2522749,28924815,True,IRS T41TS top0.001 cumul
2010,Forbes 400,0.0004,400,265137400,10774,8,207580501,78.3,21.7,9959,815,47834948,514565,0,599494,3405878,52354885,73803,4861082,262033,15878,5212796,57567681,True,Forbes400 actual
2011,Bottom,27.7,27700000,3105,39642,1433,40458,1303.0,-1203.0,23687,15955,-1500,1000,0,500,304,304,1684,0,1350,383,3418,3722,True,CBO
2011,Second,23.0,23000000,27338,24710,1054,44381,162.3,-62.3,16313,8397,-1500,3600,0,600,593,3293,2469,255,2142,562,5428,8721,True,CBO
2011,Middle,23.0,23000000,59736,15264,669,57638,96.5,3.5,11800,3464,2200,6400,0,700,900,10200,3273,1404,2409,745,7831,18031,True,CBO
2011,Fourth,23.0,23000000,100751,9382,334,78312,77.7,22.3,8098,1284,7500,10500,0,800,1352,20152,4441,2834,3717,1012,12003,32155,True,CBO
2011,Top,23.6,23600000,243353,7402,237,158919,65.3,34.7,6746,656,44300,19200,0,1200,2598,67298,7274,7277,8562,1662,24775,92073,True,CBO
2011,81-90 pctile,11.7,11700000,166000,7121,237,116694,70.3,29.7,6371,750,15600,15200,0,900,847,32547,7787,5930,8710,1690,24117,56664,True,CBO
2011,91-95 pctile,6.0,6000000,226500,6934,237,160746,71.0,29.0,6371,562,26700,19500,0,1100,1508,48808,7787,5930,8710,1690,24117,72925,True,CBO
2011,96-99 pctile,4.8,4800000,365900,7777,215,258706,70.7,29.3,7215,562,58800,24000,0,1400,3320,87520,8931,7200,9597,1938,27666,115186,True,CBO
2011,Top 1 percent,1.1,1100000,1806000,11150,97,1299919,72.0,28.0,10307,843,368800,37900,0,3800,23373,433873,21851,35538,21323,4743,83455,517328,True,CBO
2011,Top 0.1 percent,0.1212,121200,5397705,11150,56,3844935,71.2,28.8,10307,843,1231620,67865,0,11357,69858,1380700,33028,106216,36863,7169,183276,1563976,True,IRS T41TS top0.1 cumul
2011,Top 0.01 percent,0.0121,12120,25063182,11150,26,18632415,74.3,25.7,10307,843,5164727,266870,0,52735,324371,5808703,49804,493195,79432,10809,633240,6441943,True,IRS T41TS top0.01 cumul
2011,Top 0.001 percent,0.0012,1212,106137628,11150,13,81741323,77.0,23.0,10307,843,19390922,1087302,0,223324,1373647,22075195,65920,2088585,163461,14307,2332273,24407468,True,IRS T41TS top0.001 cumul
2011,Forbes 400,0.0004,400,219845888,11150,9,173912576,79.1,20.9,10307,843,37618610,366448,0,462577,2845273,41292908,74084,4326145,235254,16079,4651562,45944470,True,Forbes400 actual
2012,Bottom,27.8,27800000,3141,38823,1469,39728,1264.8,-1164.8,23222,15601,-1400,900,0,500,272,272,1693,0,1363,377,3433,3705,True,CBO
2012,Second,23.3,23300000,27496,24482,1085,44468,161.7,-61.7,16244,8238,-1500,3500,0,600,578,3178,2499,277,2082,559,5417,8595,True,CBO
2012,Middle,23.2,23200000,61031,15173,691,58686,96.2,3.8,11861,3312,2300,6400,0,700,926,10326,3287,1491,2372,733,7883,18209,True,CBO
2012,Fourth,23.4,23400000,102941,9485,346,79696,77.4,22.6,8102,1383,7600,10600,0,900,1434,20534,4586,3139,3795,1023,12542,33076,True,CBO
2012,Top,23.9,23900000,260240,7875,245,169805,65.2,34.8,7219,656,49500,19400,0,1300,2973,73173,7616,7660,8402,1704,25382,98555,True,CBO
2012,81-90 pctile,11.9,11900000,167600,7594,245,117344,70.0,30.0,6844,750,16100,15400,0,1000,832,33332,8198,6162,8648,1755,24763,58095,True,CBO
2012,91-95 pctile,6.1,6100000,229800,7500,245,162637,70.8,29.2,6844,656,27700,19700,0,1200,1545,50145,8198,6162,8648,1755,24763,74908,True,CBO
2012,96-99 pctile,4.8,4800000,385000,8062,226,272313,70.7,29.3,7594,469,63800,24200,0,1600,3560,93160,9206,7256,9384,1969,27815,120975,True,CBO
2012,Top 1 percent,1.2,1200000,2236800,12562,94,1634106,73.1,26.9,11812,750,448300,39000,0,4500,29201,521001,24359,42158,22619,5213,94349,615350,True,CBO
2012,Top 0.1 percent,0.1225,122500,7473964,12562,51,5447742,72.9,27.1,11812,750,1619738,78730,0,15036,97571,1811075,37520,140866,41346,8029,227761,2038836,True,IRS T41TS top0.1 cumul
2012,Top 0.01 percent,0.0123,12250,36844062,12562,23,27918433,75.8,24.2,11812,750,7194444,334463,0,74123,480993,8084023,55986,694424,91801,11981,854192,8938215,True,IRS T41TS top0.01 cumul
2012,Top 0.001 percent,0.0012,1225,160960323,12562,11,125483633,78.0,22.0,11812,750,28334313,1415176,0,323820,2101311,32174620,73345,3033726,191878,15695,3314644,35489264,True,IRS T41TS top0.001 cumul
2012,Forbes 400,0.0004,400,335694075,12562,8,267381837,79.7,20.3,11812,750,56123245,440051,0,675350,4382431,61621077,82027,6327050,277100,17554,6703731,68324808,True,Forbes400 actual
2013,Bottom,28.1,28100000,3356,39374,1137,40010,1192.2,-1092.2,23090,16284,-1500,1100,0,500,265,365,1798,0,1297,397,3492,3857,True,CBO
2013,Second,23.4,23400000,29220,24714,815,45244,154.8,-54.8,16200,8514,-1400,4100,0,700,513,3913,2615,329,2070,577,5592,9505,True,CBO
2013,Middle,23.3,23300000,62539,15281,543,58521,93.6,6.4,11837,3444,2500,7500,0,800,817,11617,3392,1661,2424,748,8225,19842,True,CBO
2013,Fourth,23.3,23300000,106357,9976,286,81103,76.3,23.7,8565,1411,8000,12400,0,900,1273,22573,4720,3364,3818,1042,12943,35516,True,CBO
2013,Top,24.0,24000000,258320,7916,210,162433,62.9,37.1,7357,559,50400,22700,0,1400,2778,77278,7928,8442,8610,1755,26735,104013,True,CBO
2013,81-90 pctile,12.0,12000000,170200,7543,210,115320,67.8,32.2,6892,652,16700,18000,0,1000,870,36570,8516,6922,8826,1799,26063,62633,True,CBO
2013,91-95 pctile,6.0,6000000,237100,7450,210,163784,69.1,30.9,6798,652,28800,23300,0,1200,1613,54913,8516,6922,8826,1799,26063,80976,True,CBO
2013,96-99 pctile,4.8,4800000,388200,8568,189,268708,69.2,30.8,8102,466,64500,28300,0,1600,3516,97916,9884,8552,9810,2087,30333,128249,True,CBO
2013,Top 1 percent,1.2,1200000,1885900,11827,86,1277959,67.8,32.2,11082,745,450500,46200,0,4400,26624,527724,23910,41547,21624,5049,92130,619854,True,CBO
2013,Top 0.1 percent,0.1231,123100,5897219,11827,48,3866194,65.6,34.4,11082,745,1645709,87623,0,13759,83254,1830345,36662,129914,38238,7742,212556,2042901,True,IRS T41TS top0.1 cumul
2013,Top 0.01 percent,0.0123,12310,27827417,11827,22,18957886,68.1,31.9,11082,745,7292893,367732,0,64924,392852,8118401,55223,613030,83064,11662,762979,8881380,True,IRS T41TS top0.01 cumul
2013,Top 0.001 percent,0.0012,1231,122192336,11827,11,86191261,70.5,29.5,11082,745,29475054,1573036,0,285087,1725043,33058220,73294,2691862,174059,15478,2954693,36012913,True,IRS T41TS top0.001 cumul
2013,Forbes 400,0.0004,400,264933790,11827,7,193158756,72.9,27.1,11082,745,60644408,591179,0,618118,3740187,65593892,82785,5836415,256295,17482,6192977,71786869,True,Forbes400 actual
2014,Bottom,28.5,28500000,3162,39791,1571,40536,1282.0,-1182.0,22360,17431,-1500,1100,0,500,263,363,1863,0,1352,410,3625,3988,True,CBO
2014,Second,23.9,23900000,29259,24965,1056,45578,155.8,-55.8,15662,9303,-1500,4300,0,700,534,4034,2616,317,2156,578,5668,9702,True,CBO
2014,Middle,23.5,23500000,63819,16202,650,60385,94.6,5.4,12042,4160,2500,7700,0,800,846,11846,3558,1717,2379,785,8440,20286,True,CBO
2014,Fourth,23.5,23500000,108836,10700,327,83676,76.9,23.1,8764,1936,8300,12700,0,1000,1317,23317,4730,3284,3812,1044,12870,36187,True,CBO
2014,Top,24.4,24400000,270977,8630,241,170332,62.9,37.1,7767,863,55000,23000,0,1500,2864,82364,8163,8435,8747,1808,27152,109516,True,CBO
2014,81-90 pctile,12.1,12100000,174500,8055,241,118647,68.0,32.0,7096,959,17400,18300,0,1200,687,37587,8812,6877,9011,1862,26562,64149,True,CBO
2014,91-95 pctile,6.2,6200000,241500,8246,241,167094,69.2,30.8,7479,767,30100,23400,0,1400,1431,56331,8812,6877,9011,1862,26562,82893,True,CBO
2014,96-99 pctile,4.9,4900000,403400,9493,219,280158,69.4,30.6,8822,671,68700,28500,0,1800,3451,102451,10101,8343,9925,2134,30503,132954,True,CBO
2014,Top 1 percent,1.2,1200000,2123900,12657,95,1447672,68.2,31.8,11507,1151,511700,45900,0,4300,29579,591479,25424,43930,22775,5373,97502,688981,True,CBO
2014,Top 0.1 percent,0.1247,124700,7065519,12657,52,4695902,66.5,33.5,11507,1151,1954873,79293,0,14305,98399,2146870,39441,146142,41540,8334,235457,2382327,True,IRS T41TS top0.1 cumul
2014,Top 0.01 percent,0.0125,12470,34086701,12657,24,23635214,69.3,30.7,11507,1151,8834050,218660,0,69011,474713,9596434,58986,705044,91240,12464,867734,10464168,True,IRS T41TS top0.01 cumul
2014,Top 0.001 percent,0.0012,1247,148384670,12657,11,106594015,71.8,28.2,11507,1151,35630372,452520,0,300416,2066500,38449808,77591,3069164,190367,16394,3353516,41803324,True,IRS T41TS top0.001 cumul
2014,Forbes 400,0.0004,400,317818168,12657,8,231737750,72.9,27.1,11507,1151,73512948,552554,0,643447,4426140,79135089,87259,6573695,278602,18438,6957994,86093083,True,Forbes400 actual
2015,Bottom,29.2,29200000,3641,40845,1662,42295,1161.6,-1061.6,23256,17589,-1700,1100,0,500,234,134,1878,0,1451,390,3719,3853,True,CBO
2015,Second,24.0,24000000,30890,26249,1150,48054,155.6,-55.6,16054,10195,-1400,4500,0,700,508,4308,2698,358,2312,559,5927,10235,True,CBO
2015,Middle,23.8,23800000,67100,17238,717,64170,95.6,4.4,12376,4862,2700,8000,0,900,801,12401,3540,1799,2412,733,8484,20885,True,CBO
2015,Fourth,23.8,23800000,114020,11095,361,87696,76.9,23.1,8938,2157,8800,13100,0,1000,1231,24131,4921,3634,4073,1020,13649,37780,True,CBO
2015,Top,24.4,24400000,281569,9171,263,176949,62.8,37.2,8098,1073,57800,24000,0,1600,2695,86095,8547,8834,8802,1775,27959,114054,True,CBO
2015,81-90 pctile,12.1,12100000,181400,8683,263,123616,68.1,31.9,7512,1171,18700,19100,0,1300,580,39680,9063,7165,9006,1816,27050,66730,True,CBO
2015,91-95 pctile,6.2,6200000,249500,8683,263,172804,69.3,30.7,7610,1073,31700,24100,0,1500,1292,58592,9063,7165,9006,1816,27050,85642,True,CBO
2015,96-99 pctile,4.9,4900000,419800,10049,238,291224,69.4,30.6,9171,878,73000,29500,0,1900,3297,107697,10414,8726,9939,2087,31166,138863,True,CBO
2015,Top 1 percent,1.2,1200000,2213200,13854,104,1509361,68.2,31.8,12683,1171,534200,50000,0,4200,29110,617510,26205,46009,22822,5251,100287,717797,True,CBO
2015,Top 0.1 percent,0.1261,126100,7318955,13854,57,4888576,66.8,33.2,12683,1171,2008265,83537,0,13889,96265,2201956,40552,152152,41502,8128,242334,2444290,True,IRS T41TS top0.1 cumul
2015,Top 0.01 percent,0.0126,12610,35070892,13854,26,24412474,69.6,30.4,12683,1171,9011048,240785,0,66554,461281,9779668,60565,729079,90847,12139,892630,10672298,True,IRS T41TS top0.01 cumul
2015,Top 0.001 percent,0.0013,1261,152016289,13854,13,109304821,71.9,28.1,12683,1171,36384561,607886,0,288482,1999442,39280371,79641,3160222,189139,15962,3444964,42725335,True,IRS T41TS top0.001 cumul
2015,Forbes 400,0.0004,400,331781617,13854,8,243190616,73.3,26.7,12683,1171,75750352,576458,0,629624,4363862,81320296,89830,6897310,279424,18003,7284567,88604863,False,Forbes400 T41TS est
2016,Bottom,29.8,29800000,3628,41794,1803,43177,1190.1,-1090.1,23865,17929,-1600,1100,0,500,236,236,1947,0,1470,395,3812,4048,True,CBO
2016,Second,24.0,24000000,32806,26959,1205,50423,153.7,-53.7,16599,10360,-1300,4500,0,700,509,4409,2853,370,2335,580,6138,10547,True,CBO
2016,Middle,23.8,23800000,69191,17224,744,65721,95.0,5.0,12303,4921,2900,8100,0,800,810,12610,3672,1855,2556,745,8828,21438,True,CBO
2016,Fourth,23.8,23800000,116955,11637,376,90829,77.7,22.3,9204,2433,9000,13200,0,1000,1249,24449,4999,3598,4078,1015,13690,38139,True,CBO
2016,Top,24.3,24300000,288727,9727,278,185204,64.1,35.9,8423,1304,56400,24100,0,1500,2793,84793,8649,9012,9315,1760,28735,113528,True,CBO
2016,81-90 pctile,12.1,12100000,182300,9226,278,124281,68.2,31.8,7822,1404,18800,19200,0,1200,724,39924,9135,7276,9410,1778,27599,67523,True,CBO
2016,91-95 pctile,6.2,6200000,252000,9226,278,174537,69.3,30.7,8123,1103,32200,24300,0,1400,1468,59368,9135,7276,9410,1778,27599,86967,True,CBO
2016,96-99 pctile,4.8,4800000,419700,10529,250,290096,69.1,30.9,9426,1103,73200,29800,0,1800,3501,108301,10591,8978,10453,2061,32083,140384,True,CBO
2016,Top 1 percent,1.2,1200000,2109500,14240,112,1438659,68.2,31.8,12635,1604,503800,49600,0,4300,27859,585559,26015,45122,23433,5063,99633,685192,True,CBO
2016,Top 0.1 percent,0.1265,126500,6859762,14240,62,4598079,67.0,33.0,12635,1604,1855525,78844,0,13983,90592,2038944,40223,146731,42258,7828,237040,2275984,True,IRS T41TS top0.1 cumul
2016,Top 0.01 percent,0.0126,12650,32713039,14240,28,22949435,70.2,29.8,12635,1604,8189652,225463,0,66682,432016,8913813,60305,699735,92282,11736,864058,9777871,True,IRS T41TS top0.01 cumul
2016,Top 0.001 percent,0.0013,1265,145446416,14240,13,106013136,72.9,27.1,12635,1604,33246984,582171,0,296478,1920800,36046433,79862,3111112,194584,15542,3401100,39447533,True,IRS T41TS top0.001 cumul
2016,Forbes 400,0.0004,400,316768154,14240,9,235160886,74.2,25.8,12635,1604,69071051,550956,0,645699,4183315,74451021,90102,6775697,287161,17535,7170495,81621516,False,Forbes400 T41TS est
2017,Bottom,29.7,29700000,3680,42327,1813,43770,1189.4,-1089.4,24221,18106,-1700,1100,0,500,249,149,1977,0,1520,404,3901,4050,True,CBO
2017,Second,24.2,24200000,34123,27486,1224,52005,152.4,-52.4,16970,10516,-1200,4600,0,600,506,4506,2977,383,2354,608,6322,10828,True,CBO
2017,Middle,24.0,24000000,71632,17897,751,68221,95.2,4.8,12686,5211,3100,8200,0,700,788,12788,3818,1978,2696,779,9271,22059,True,CBO
2017,Fourth,24.1,24100000,121180,12097,376,94669,78.1,21.9,9613,2484,9400,13500,0,900,1219,25019,5136,3562,4218,1050,13965,38984,True,CBO
2017,Top,24.7,24700000,307084,10020,276,198324,64.6,35.4,8805,1215,60800,24800,0,1300,2810,89710,8840,9140,9555,1811,29346,119056,True,CBO
2017,81-90 pctile,12.3,12300000,185400,9413,276,125584,67.7,32.3,8097,1316,19700,19600,0,1000,821,41121,9431,7366,9741,1846,28384,69505,True,CBO
2017,91-95 pctile,6.3,6300000,259400,9210,276,178653,68.9,31.1,8198,1012,33900,25200,0,1200,1549,61849,9431,7366,9741,1846,28384,90233,True,CBO
2017,96-99 pctile,4.9,4900000,435200,10931,249,299905,68.9,31.1,9919,1012,77600,30900,0,1600,3502,113602,10899,9046,10795,2133,32873,146475,True,CBO
2017,Top 1 percent,1.2,1200000,2270700,15384,109,1541038,67.9,32.1,13664,1721,558000,51800,0,4000,26930,640730,27242,47193,24657,5333,104425,745155,True,CBO
2017,Top 0.1 percent,0.1277,127700,8028689,15384,58,5422075,67.5,32.5,13664,1721,2161729,86279,0,14143,95219,2357370,43038,166861,46363,8424,264686,2622056,True,IRS T41TS top0.1 cumul
2017,Top 0.01 percent,0.0128,12770,39459386,15384,26,27708993,70.2,29.8,13664,1721,9980740,247888,0,69511,467983,10766122,64234,820091,102784,12572,999681,11765803,True,IRS T41TS top0.01 cumul
2017,Top 0.001 percent,0.0013,1277,178820656,15384,12,128667146,72.0,28.0,13664,1721,43091417,605154,0,315005,2120791,46132367,84696,3716459,218807,16577,4036539,50168906,True,IRS T41TS top0.001 cumul
2017,Forbes 400,0.0004,400,396087713,15384,8,290301389,73.3,26.7,13664,1721,91047869,686767,0,697737,4697551,97129924,95501,8231953,325646,18692,8671792,105801716,False,Forbes400 T41TS est
2018,Bottom,30.0,30000000,3365,44050,1970,45256,1344.9,-1244.9,24958,19092,-1900,1200,0,500,245,45,2065,0,1597,422,4084,4129,True,CBO
2018,Second,24.0,24000000,33375,28398,1280,52123,156.2,-56.2,17562,10836,-1800,4700,0,600,476,3976,3146,259,2905,645,6954,10930,True,CBO
2018,Middle,24.3,24300000,74689,18640,782,72574,97.2,2.8,13449,5191,2100,8400,0,800,734,12034,4058,2004,2612,829,9503,21537,True,CBO
2018,Fourth,24.6,24600000,125903,12346,396,100373,79.7,20.3,10161,2185,8100,13500,0,900,1113,23613,5403,4123,4027,1106,14659,38272,True,CBO
2018,Top,24.9,24900000,322338,10472,297,215011,66.7,33.3,9435,1037,57500,25000,0,1500,2607,86607,9341,10313,9919,1916,31489,118096,True,CBO
2018,81-90 pctile,12.5,12500000,189200,9746,297,128957,68.2,31.8,8606,1141,18100,19900,0,1100,725,39825,10019,8315,10163,1964,30461,70286,True,CBO
2018,91-95 pctile,6.2,6200000,266600,9850,297,186433,69.9,30.1,8917,933,31600,25500,0,1400,1353,59853,10019,8315,10163,1964,30461,90314,True,CBO
2018,96-99 pctile,5.0,5000000,444400,11613,268,314207,70.7,29.3,10679,933,71000,30800,0,1700,3259,106759,11578,10208,11260,2269,35315,142074,True,CBO
2018,Top 1 percent,1.2,1200000,2275600,16175,118,1560208,68.6,31.4,14723,1452,537900,50900,0,5000,25800,619600,28708,52269,25482,5626,112085,731685,True,CBO
2018,Top 0.1 percent,0.1287,128700,8291897,16175,62,5662294,68.3,31.7,14723,1452,2152406,87223,0,18219,94012,2351860,45884,190461,48642,8993,293980,2645840,True,IRS T41TS top0.1 cumul
2018,Top 0.01 percent,0.0129,12870,39508661,16175,28,27980917,70.8,29.2,14723,1452,9662902,251332,0,86809,447941,10448984,67967,907499,106176,13321,1094963,11543947,True,IRS T41TS top0.01 cumul
2018,Top 0.001 percent,0.0013,1287,167674290,16175,14,122220407,72.9,27.1,14723,1452,38430353,593939,0,368418,1901056,41293766,88761,3851414,218733,17397,4176305,45470071,True,IRS T41TS top0.001 cumul
2018,Forbes 400,0.0004,400,373990269,16175,9,277491872,74.2,25.8,14723,1452,81766147,649381,0,821740,4240224,87477492,100341,8590411,326671,19666,9037089,96514581,False,Forbes400 T41TS est
2019,Bottom,29.8,29800000,4069,45284,2417,47138,1158.5,-1058.5,26322,18962,-2000,1300,0,500,358,158,2288,0,1710,475,4474,4632,True,CBO
2019,Second,24.2,24200000,37610,29240,1475,56440,150.1,-50.1,18291,10949,-1500,5000,0,600,625,4725,3219,334,2938,670,7160,11885,True,CBO
2019,Middle,24.3,24300000,80152,19388,899,77493,96.7,3.3,13983,5405,2500,8700,0,800,889,12889,4249,2148,2777,882,10057,22946,True,CBO
2019,Fourth,24.4,24400000,135202,13254,466,108746,80.4,19.6,10692,2562,8500,14000,0,900,1270,24670,5658,4263,4410,1176,15506,40176,True,CBO
2019,Top,24.5,24500000,341721,11468,360,232132,67.9,32.1,10075,1393,58500,25900,0,1500,2612,88512,9731,10694,10452,2028,32905,121417,True,CBO
2019,81-90 pctile,12.2,12200000,195600,11146,360,134380,68.7,31.3,9646,1500,18800,20600,0,1200,661,41261,10276,8590,10553,2046,31465,72726,True,CBO
2019,91-95 pctile,6.2,6200000,274200,10396,360,191497,69.8,30.2,9003,1393,33000,26200,0,1400,1394,61994,10276,8590,10553,2046,31465,93459,True,CBO
2019,96-99 pctile,4.9,4900000,459300,12325,323,323528,70.4,29.6,11254,1072,74300,32200,0,1700,3384,111584,11986,10690,11772,2388,36836,148420,True,CBO
2019,Top 1 percent,1.2,1200000,2235600,16827,146,1533376,68.6,31.4,15648,1179,525000,51900,0,4500,25059,606459,28970,52028,25971,5769,112738,719197,True,CBO
2019,Top 0.1 percent,0.1281,128100,7693408,16827,79,5232357,68.0,32.0,15648,1179,2009633,84551,0,15486,86236,2195906,45722,179045,48179,9105,282051,2477957,True,IRS T41TS top0.1 cumul
2019,Top 0.01 percent,0.0128,12810,35241079,16827,37,24864011,70.6,29.4,15648,1179,8689174,234302,0,70936,395021,9389433,67744,820150,103114,13491,1004499,10393932,True,IRS T41TS top0.01 cumul
2019,Top 0.001 percent,0.0013,1281,144728070,16827,18,105406050,72.8,27.2,15648,1179,33188259,553647,0,291321,1622274,35655501,88572,3368192,208961,17639,3683364,39338865,True,IRS T41TS top0.001 cumul
2019,Forbes 400,0.0004,400,331534303,16827,12,245915647,74.2,25.8,15648,1179,72521286,577824,0,667340,3716207,77482657,100839,7715649,316268,20082,8152838,85635495,False,Forbes400 T41TS est
2020,Bottom,30.4,30400000,3211,53517,2229,58007,1806.5,-1706.5,28386,25131,-5200,1000,0,300,304,-3596,2372,0,1690,484,4546,950,True,CBO
2020,Second,24.7,24700000,33066,42360,1438,70087,212.0,-112.0,23885,18475,-5900,4500,0,500,593,-307,3280,233,2900,671,7084,6777,True,CBO
2020,Middle,24.5,24500000,77553,29757,853,90518,116.7,-16.7,18807,10950,-2100,8300,0,700,863,7763,4264,1918,2830,870,9882,17645,True,CBO
2020,Fourth,24.4,24400000,133081,21052,422,118589,89.1,10.9,14497,6555,4200,14000,0,800,1251,20251,5904,4093,4512,1206,15715,35966,True,CBO
2020,Top,24.2,24200000,352442,16131,314,243501,69.1,30.9,12217,3914,61600,27100,0,1300,2845,92845,9410,10181,11018,1932,32541,125386,True,CBO
2020,81-90 pctile,12.0,12000000,199900,16250,314,147633,73.9,26.1,11742,4507,15500,21200,0,1000,678,38378,9838,7879,10836,1900,30453,68831,True,CBO
2020,91-95 pctile,6.1,6100000,283100,15182,314,205627,72.6,27.4,11505,3677,32200,27600,0,1200,1516,62516,9838,7879,10836,1900,30453,92969,True,CBO
2020,96-99 pctile,4.8,4800000,477600,16368,285,343229,71.9,28.1,13047,3321,77100,33800,0,1500,3581,115981,11307,9595,11959,2182,35043,151024,True,CBO
2020,Top 1 percent,1.2,1200000,2544100,19689,123,1748207,68.7,31.3,16605,3084,614000,56300,0,4300,28295,702895,28578,51115,27602,5516,112811,815706,True,CBO
2020,Top 0.1 percent,0.1293,129300,9010165,19689,66,6142695,68.2,31.8,16605,3084,2392015,92996,0,15229,100209,2600449,45098,181027,51945,8706,286776,2887225,True,IRS T41TS top0.1 cumul
2020,Top 0.01 percent,0.0129,12930,44009715,19689,30,31032395,70.5,29.5,16605,3084,11077910,276164,0,74385,489467,11917926,67131,884220,114802,12960,1079113,12997039,True,IRS T41TS top0.01 cumul
2020,Top 0.001 percent,0.0013,1293,189320635,19689,14,137085194,72.4,27.6,16605,3084,44933968,749082,0,319987,2105586,48108623,87744,3803730,238110,16938,4146522,52255145,True,IRS T41TS top0.001 cumul
2020,Forbes 400,0.0004,400,460899255,19689,9,340115403,73.8,26.2,16605,3084,104348967,798158,0,779005,5126028,111052158,100356,9260146,371518,19373,9751393,120803551,False,Forbes400 T41TS est
2021,Bottom,30.8,30800000,3311,63511,2025,68622,2072.5,-1972.5,34186,29325,-6000,1000,0,300,288,-4412,2418,0,1706,513,4637,225,True,CBO
2021,Second,25.0,25000000,35605,45020,1315,75293,211.5,-111.5,25816,19204,-6500,4700,0,500,516,-784,3443,313,2941,733,7431,6647,True,CBO
2021,Middle,24.7,24700000,81506,30861,777,95100,116.7,-16.7,19978,10883,-2400,8500,0,600,719,7419,4389,2500,2805,930,10625,18044,True,CBO
2021,Fourth,24.9,24900000,140475,21091,381,124536,88.7,11.3,15439,5652,4700,14000,0,700,1023,20423,5914,5108,4709,1257,16988,37411,True,CBO
2021,Top,25.1,25100000,404215,16824,282,278563,68.9,31.1,13765,3059,75900,26600,0,1200,2406,106106,10119,12837,11538,2158,36652,142758,True,CBO
2021,81-90 pctile,12.5,12500000,202200,16059,282,143275,70.9,29.1,12618,3441,17900,21000,0,800,533,40233,10979,10048,11799,2207,35033,75266,True,CBO
2021,91-95 pctile,6.3,6300000,290800,15804,282,207110,71.2,28.8,13000,2804,35800,26800,0,1000,1143,64743,10979,10048,11799,2207,35033,99776,True,CBO
2021,96-99 pctile,5.0,5000000,519400,18099,260,370632,71.4,28.6,15549,2549,91000,32400,0,1400,2869,127669,12331,11839,12808,2479,39457,167126,True,CBO
2021,Top 1 percent,1.2,1200000,3327000,23452,103,2299751,69.1,30.9,20775,2677,811600,58500,0,4800,26838,901738,33984,75836,32415,6830,149065,1050803,True,CBO
2021,Top 0.1 percent,0.1313,131300,13710300,23452,51,9520212,69.4,30.6,20775,2677,3529221,109686,0,19780,110598,3769285,54945,312513,65803,11044,444305,4213590,True,IRS T41TS top0.1 cumul
2021,Top 0.01 percent,0.0131,13130,67910671,23452,23,48585203,71.5,28.5,20775,2677,16579465,333322,0,97978,547821,17558586,79889,1547958,146452,16058,1790357,19348943,True,IRS T41TS top0.01 cumul
2021,Top 0.001 percent,0.0013,1313,288263021,23452,11,211076942,73.2,26.8,20775,2677,66602214,870319,0,415889,2325357,70213779,102709,6570678,301731,20644,6995762,77209541,True,IRS T41TS top0.001 cumul
2021,Forbes 400,0.0004,400,684396288,23452,7,509689506,74.5,25.5,20775,2677,150838672,1178423,0,987407,5520880,158525382,116389,15600155,464922,23393,16204859,174730241,False,Forbes400 T41TS est
2022,Bottom,31.0,31000000,3955,56174,2145,56963,1440.3,-1340.3,32659,23515,-1700,1200,0,400,317,217,2667,0,1828,599,5094,5311,True,CBO
2022,Second,25.0,25000000,36797,38094,1399,62823,170.7,-70.7,23264,14830,-800,5000,0,500,528,5228,3925,346,3084,884,8239,13467,True,CBO
2022,Middle,24.9,24900000,84682,26219,821,86601,102.3,-2.3,18034,8185,3100,8800,0,600,752,13252,5064,2763,2907,1136,11869,25121,True,CBO
2022,Fourth,25.0,25000000,144097,17938,400,117579,81.6,18.4,13748,4190,10000,14400,0,700,1072,26172,6742,5617,4809,1516,18684,44856,True,CBO
2022,Top,24.9,24900000,378362,14461,295,252944,66.9,33.1,12360,2101,69800,26900,0,1200,2333,100233,11566,14077,11687,2611,39941,140174,True,CBO
2022,81-90 pctile,12.4,12400000,203500,13719,295,135366,66.5,33.5,11495,2225,21400,21500,0,900,590,44390,12278,11067,11781,2632,37758,82148,True,CBO
2022,91-95 pctile,6.3,6300000,290500,13843,295,199709,68.7,31.3,11865,1978,37600,27300,0,1000,1271,67171,12278,11067,11781,2632,37758,104929,True,CBO
2022,96-99 pctile,4.9,4900000,496700,15450,267,343999,69.3,30.7,13719,1730,87300,33200,0,1400,2885,124785,14116,13486,13006,3025,43633,168418,True,CBO
2022,Top 1 percent,1.2,1200000,2701500,22124,115,1844769,68.3,31.7,19405,2719,650000,54100,0,4400,23090,731590,35990,73347,30330,7713,147380,878970,True,CBO
2022,Top 0.1 percent,0.1317,131700,10909149,22124,57,7435389,68.2,31.8,19405,2719,2859032,97265,0,17768,93241,3067306,58876,296192,60950,12617,428635,3495941,True,IRS T41TS top0.1 cumul
2022,Top 0.01 percent,0.0132,13170,51966255,22124,26,36668127,70.6,29.4,19405,2719,12887711,255369,0,84639,444160,13671879,86014,1410924,133028,18433,1648399,15320278,True,IRS T41TS top0.01 cumul
2022,Top 0.001 percent,0.0013,1317,226059168,22124,13,163623611,72.4,27.6,19405,2719,53014304,591975,0,368188,1932147,55906614,111951,6137682,277454,23992,6551079,62457693,True,IRS T41TS top0.001 cumul
2022,Forbes 400,0.0004,400,537410263,22124,8,395639567,73.6,26.4,19405,2719,120221523,929273,0,875293,4593292,126619381,127272,14591108,427793,27274,15173447,141792828,False,Forbes400 T41TS est
