income_year,quintile,num_households,hh_per_quintile,total_govt,total_fed,oasdi,ssdi,medicare,medicaid_chip,snap,other_fed,state_local,oasi_shape_source
1979,bottom,80776,16155200,8094,7126,2620,592,716,902,271,2025,968,CBO_T05_social_security
1979,second,80776,16155200,2968,2726,1219,148,286,240,90,743,242,CBO_T05_social_security
1979,middle,80776,16155200,1611,1518,701,57,172,120,30,438,93,CBO_T05_social_security
1979,fourth,80776,16155200,1067,1011,518,34,114,60,0,285,56,CBO_T05_social_security
1979,top,80776,16155200,1040,1003,548,23,143,60,0,229,37,CBO_T05_social_security
1979,average,80776,16155200,2956,2677,1121,171,286,276,78,744,279,
1980,bottom,82368,16473600,9332,8221,2869,656,843,1077,356,2420,1111,CBO_T05_social_security
1980,second,82368,16473600,3688,3385,1451,179,343,287,107,1018,303,CBO_T05_social_security
1980,middle,82368,16473600,1869,1768,810,60,187,144,36,531,101,CBO_T05_social_security
1980,fourth,82368,16473600,1299,1238,574,36,156,72,0,400,61,CBO_T05_social_security
1980,top,82368,16473600,1140,1120,675,12,187,0,0,246,20,CBO_T05_social_security
1980,average,82368,16473600,3466,3146,1276,189,343,316,100,923,319,
1981,bottom,83527,16705400,10135,8975,3176,715,921,1262,414,2487,1160,CBO_T05_social_security
1981,second,83527,16705400,4104,3799,1716,188,428,316,151,1000,305,CBO_T05_social_security
1981,middle,83527,16705400,2150,2048,986,63,263,158,38,540,102,CBO_T05_social_security
1981,fourth,83527,16705400,1552,1491,730,38,197,79,0,447,61,CBO_T05_social_security
1981,top,83527,16705400,1401,1360,803,25,230,0,0,302,41,CBO_T05_social_security
1981,average,83527,16705400,3868,3535,1482,206,408,363,121,955,334,
1982,bottom,83918,16783600,10731,9472,3300,751,1020,1351,421,2629,1259,CBO_T05_social_security
1982,second,83918,16783600,4616,4290,1941,194,510,318,126,1201,326,CBO_T05_social_security
1982,middle,83918,16783600,2508,2421,1242,52,340,79,42,666,87,CBO_T05_social_security
1982,fourth,83918,16783600,1717,1674,854,26,238,79,0,477,43,CBO_T05_social_security
1982,top,83918,16783600,1614,1592,932,13,272,79,0,296,22,CBO_T05_social_security
1982,average,83918,16783600,4237,3890,1654,207,476,381,118,1054,347,
1983,bottom,85290,17058000,11516,10138,3346,780,1129,1551,476,2856,1378,CBO_T05_social_security
1983,second,85290,17058000,4881,4597,2137,161,619,345,130,1205,284,CBO_T05_social_security
1983,middle,85290,17058000,2659,2571,1330,50,364,86,43,698,88,CBO_T05_social_security
1983,fourth,85290,17058000,1898,1854,968,25,291,86,0,484,44,CBO_T05_social_security
1983,top,85290,17058000,1598,1576,968,12,291,0,0,305,22,CBO_T05_social_security
1983,average,85290,17058000,4510,4147,1750,206,539,414,130,1110,363,
1984,bottom,86789,17357800,11541,10183,3468,751,1199,1628,439,2698,1358,CBO_T05_social_security
1984,second,86789,17357800,4816,4517,2157,165,657,383,132,1023,299,CBO_T05_social_security
1984,middle,86789,17357800,2778,2663,1438,64,425,96,44,596,115,CBO_T05_social_security
1984,fourth,86789,17357800,1831,1762,888,38,309,96,0,431,69,CBO_T05_social_security
1984,top,86789,17357800,1823,1800,1142,13,348,0,0,297,23,CBO_T05_social_security
1984,average,86789,17357800,4558,4185,1819,206,588,441,123,1009,373,
1985,bottom,88458,17691600,12628,11133,3659,808,1278,1759,504,3125,1495,CBO_T05_social_security
1985,second,88458,17691600,4874,4589,2265,154,697,370,101,1002,285,CBO_T05_social_security
1985,middle,88458,17691600,2781,2686,1481,51,465,93,0,596,95,CBO_T05_social_security
1985,fourth,88458,17691600,1714,1667,871,26,310,93,0,367,47,CBO_T05_social_security
1985,top,88458,17691600,1893,1846,1176,26,349,0,0,295,47,CBO_T05_social_security
1985,average,88458,17691600,4778,4384,1890,213,620,463,121,1077,394,
1986,bottom,89479,17895800,12690,11119,3728,832,1293,1878,482,2906,1571,CBO_T05_social_security
1986,second,89479,17895800,5286,4962,2515,172,799,376,107,993,324,CBO_T05_social_security
1986,middle,89479,17895800,3047,2922,1572,66,494,188,0,602,125,CBO_T05_social_security
1986,fourth,89479,17895800,1805,1755,898,26,342,94,0,395,50,CBO_T05_social_security
1986,top,89479,17895800,1839,1814,1168,13,342,0,0,291,25,CBO_T05_social_security
1986,average,89479,17895800,4933,4514,1976,222,654,507,118,1037,419,
1987,bottom,91066,18213200,13352,11708,3849,858,1427,2097,529,2948,1644,CBO_T05_social_security
1987,second,91066,18213200,5280,4985,2612,154,856,381,53,929,295,CBO_T05_social_security
1987,middle,91066,18213200,2949,2826,1512,64,489,191,0,570,123,CBO_T05_social_security
1987,fourth,91066,18213200,1897,1823,962,38,326,95,0,402,74,CBO_T05_social_security
1987,top,91066,18213200,1762,1737,1145,13,326,0,0,253,25,CBO_T05_social_security
1987,average,91066,18213200,5048,4616,2016,225,685,553,116,1020,432,
1988,bottom,92830,18566000,14212,12475,4144,903,1493,2274,503,3158,1737,CBO_T05_social_security
1988,second,92830,18566000,5394,5087,2668,159,871,396,101,892,307,CBO_T05_social_security
1988,middle,92830,18566000,2931,2803,1477,66,498,198,0,564,128,CBO_T05_social_security
1988,fourth,92830,18566000,1876,1825,1000,27,332,99,0,367,51,CBO_T05_social_security
1988,top,92830,18566000,1865,1839,1239,13,332,0,0,255,26,CBO_T05_social_security
1988,average,92830,18566000,5256,4806,2106,234,705,593,121,1047,450,
1989,bottom,93347,18669400,14943,13173,4277,914,1650,2440,550,3342,1770,CBO_T05_social_security
1989,second,93347,18669400,5988,5634,2835,183,962,488,110,1056,354,CBO_T05_social_security
1989,middle,93347,18669400,3012,2886,1542,65,550,195,0,534,126,CBO_T05_social_security
1989,fourth,93347,18669400,2194,2118,1144,39,412,98,0,425,76,CBO_T05_social_security
1989,top,93347,18669400,2232,2181,1343,26,412,98,0,302,51,CBO_T05_social_security
1989,average,93347,18669400,5674,5198,2228,245,797,664,132,1132,475,
1990,bottom,94312,18862400,16012,14076,4491,971,1728,2734,661,3491,1936,CBO_T05_social_security
1990,second,94312,18862400,6580,6173,2994,204,1019,683,120,1153,407,CBO_T05_social_security
1990,middle,94312,18862400,3458,3305,1652,77,620,293,0,663,153,CBO_T05_social_security
1990,fourth,94312,18862400,2351,2275,1239,38,443,98,0,457,76,CBO_T05_social_security
1990,top,94312,18862400,2385,2334,1445,26,399,98,0,366,51,CBO_T05_social_security
1990,average,94312,18862400,6157,5633,2364,263,842,781,156,1226,525,
1991,bottom,95669,19133800,17512,15485,4739,1032,1934,3317,716,3747,2027,CBO_T05_social_security
1991,second,95669,19133800,7618,7124,3195,252,1132,933,179,1433,494,CBO_T05_social_security
1991,middle,95669,19133800,3963,3790,1811,88,708,311,60,812,173,CBO_T05_social_security
1991,fourth,95669,19133800,2717,2618,1331,50,425,207,0,605,99,CBO_T05_social_security
1991,top,95669,19133800,2466,2417,1491,25,425,104,0,372,49,CBO_T05_social_security
1991,average,95669,19133800,6855,6287,2513,289,925,974,191,1394,568,
1992,bottom,96426,19285200,18982,16939,4963,1092,2151,3740,797,4196,2043,CBO_T05_social_security
1992,second,96426,19285200,8729,8149,3399,310,1301,1143,245,1751,580,CBO_T05_social_security
1992,middle,96426,19285200,4446,4237,1834,112,800,416,61,1014,209,CBO_T05_social_security
1992,fourth,96426,19285200,3076,2960,1457,62,500,208,0,733,116,CBO_T05_social_security
1992,top,96426,19285200,2808,2738,1564,37,500,104,0,533,70,CBO_T05_social_security
1992,average,96426,19285200,7608,7005,2643,323,1050,1122,221,1645,604,
1993,bottom,97107,19421400,20100,18031,5294,1192,2411,4058,826,4250,2069,CBO_T05_social_security
1993,second,97107,19421400,9591,8968,3640,359,1457,1388,254,1870,623,CBO_T05_social_security
1993,middle,97107,19421400,4632,4410,1820,128,854,534,64,1010,222,CBO_T05_social_security
1993,fourth,97107,19421400,3071,2960,1434,64,553,214,0,695,111,CBO_T05_social_security
1993,top,97107,19421400,2850,2783,1599,38,553,107,0,486,67,CBO_T05_social_security
1993,average,97107,19421400,8049,7430,2757,356,1166,1260,229,1662,618,
1994,bottom,98990,19798000,21116,19034,5661,1271,2718,4203,833,4348,2082,CBO_T05_social_security
1994,second,98990,19798000,9673,9053,3680,379,1608,1401,256,1729,620,CBO_T05_social_security
1994,middle,98990,19798000,4677,4456,1812,135,943,647,64,855,221,CBO_T05_social_security
1994,fourth,98990,19798000,3127,2994,1359,81,610,323,0,621,133,CBO_T05_social_security
1994,top,98990,19798000,2984,2918,1585,41,610,216,0,466,66,CBO_T05_social_security
1994,average,98990,19798000,8315,7691,2819,381,1298,1358,231,1604,624,
1995,bottom,99627,19925400,21953,19887,5740,1350,2938,4474,795,4590,2066,CBO_T05_social_security
1995,second,99627,19925400,10153,9516,3731,417,1752,1566,265,1785,637,CBO_T05_social_security
1995,middle,99627,19925400,4914,4672,1837,158,1017,671,66,923,242,CBO_T05_social_security
1995,fourth,99627,19925400,3434,3324,1550,72,735,336,0,631,110,CBO_T05_social_security
1995,top,99627,19925400,3348,3260,1779,57,735,224,0,465,88,CBO_T05_social_security
1995,average,99627,19925400,8760,8132,2927,411,1435,1454,225,1679,629,
1996,bottom,101018,20203600,22309,20300,5578,1463,3024,4635,767,4833,2009,CBO_T05_social_security
1996,second,101018,20203600,10430,9825,3777,441,1919,1622,256,1810,605,CBO_T05_social_security
1996,middle,101018,20203600,5311,5095,2034,157,1221,695,64,924,216,CBO_T05_social_security
1996,fourth,101018,20203600,3493,3385,1627,79,756,348,0,575,108,CBO_T05_social_security
1996,top,101018,20203600,3582,3517,1975,47,814,232,0,449,65,CBO_T05_social_security
1996,average,101018,20203600,9025,8424,2998,437,1547,1506,217,1718,601,
1997,bottom,101018,20203600,23102,21176,5998,1485,3234,4872,642,4945,1926,CBO_T05_social_security
1997,second,101018,20203600,10360,9769,3718,456,1976,1664,214,1741,591,CBO_T05_social_security
1997,middle,101018,20203600,5504,5285,2099,169,1258,713,71,975,219,CBO_T05_social_security
1997,fourth,101018,20203600,3999,3868,1799,101,838,475,0,655,131,CBO_T05_social_security
1997,top,101018,20203600,3705,3639,2039,51,898,238,0,413,66,CBO_T05_social_security
1997,average,101018,20203600,9334,8747,3131,452,1641,1592,185,1746,587,
1998,bottom,102528,20505600,23116,21233,6120,1501,3141,4828,535,5108,1883,CBO_T05_social_security
1998,second,102528,20505600,10890,10241,3635,517,1837,2039,201,2012,649,CBO_T05_social_security
1998,middle,102528,20505600,5570,5340,2181,183,1185,751,67,973,230,CBO_T05_social_security
1998,fourth,102528,20505600,3978,3852,1878,100,770,429,0,675,126,CBO_T05_social_security
1998,top,102528,20505600,3826,3763,2121,50,889,215,0,488,63,CBO_T05_social_security
1998,average,102528,20505600,9476,8886,3187,470,1564,1652,161,1851,590,
1999,bottom,103874,20774800,23399,21501,6112,1546,3108,5094,542,5099,1898,CBO_T05_social_security
1999,second,103874,20774800,11159,10484,3631,550,1828,2229,135,2111,675,CBO_T05_social_security
1999,middle,103874,20774800,6153,5879,2360,223,1219,955,68,1054,274,CBO_T05_social_security
1999,fourth,103874,20774800,4051,3924,1936,103,792,424,0,669,127,CBO_T05_social_security
1999,top,103874,20774800,3720,3657,2057,52,853,212,0,483,63,CBO_T05_social_security
1999,average,103874,20774800,9696,9089,3219,495,1560,1783,149,1883,607,
2000,bottom,104705,20941000,24121,22184,6228,1604,3238,5489,487,5138,1937,CBO_T05_social_security
2000,second,104705,20941000,11403,10701,3622,582,1943,2322,139,2093,702,CBO_T05_social_security
2000,middle,104705,20941000,6630,6332,2542,247,1295,1056,70,1122,298,CBO_T05_social_security
2000,fourth,104705,20941000,4471,4322,2097,123,842,528,0,732,149,CBO_T05_social_security
2000,top,104705,20941000,4278,4193,2351,70,907,317,0,548,85,CBO_T05_social_security
2000,average,104705,20941000,10181,9546,3368,525,1645,1942,139,1927,634,
2001,bottom,108209,21641800,24825,22840,5776,1681,3548,5908,537,5390,1985,CBO_T05_social_security
2001,second,108209,21641800,12817,12080,4144,624,2168,2637,134,2373,737,CBO_T05_social_security
2001,middle,108209,21641800,7579,7272,3014,260,1445,1160,67,1326,307,CBO_T05_social_security
2001,fourth,108209,21641800,4650,4507,2135,121,920,527,0,804,143,CBO_T05_social_security
2001,top,108209,21641800,4058,3976,2135,69,854,316,0,602,82,CBO_T05_social_security
2001,average,108209,21641800,10786,10135,3441,551,1787,2110,148,2099,651,
2002,bottom,109297,21859400,26314,24321,6111,1758,3852,6213,568,5819,1993,CBO_T05_social_security
2002,second,109297,21859400,14250,13433,4310,721,2365,3003,213,2821,817,CBO_T05_social_security
2002,middle,109297,21859400,8505,8146,3088,316,1554,1450,71,1667,359,CBO_T05_social_security
2002,fourth,109297,21859400,5113,4954,2123,141,946,621,0,1123,159,CBO_T05_social_security
2002,top,109297,21859400,4252,4172,2123,70,879,311,0,789,80,CBO_T05_social_security
2002,average,109297,21859400,11687,11005,3551,601,1919,2320,170,2444,682,
2003,bottom,111278,22255600,27166,25127,6138,1819,4103,6387,639,6041,2039,CBO_T05_social_security
2003,second,111278,22255600,14966,14092,4348,779,2434,3244,284,3003,874,CBO_T05_social_security
2003,middle,111278,22255600,8927,8539,3133,346,1599,1622,71,1768,388,CBO_T05_social_security
2003,fourth,111278,22255600,5422,5247,2238,156,1043,710,0,1100,175,CBO_T05_social_security
2003,top,111278,22255600,4517,4420,2110,87,974,406,0,843,97,CBO_T05_social_security
2003,average,111278,22255600,12200,11485,3593,637,2031,2474,199,2551,715,
2004,bottom,112000,22400000,28377,26269,6265,1944,4466,6751,772,6071,2108,CBO_T05_social_security
2004,second,112000,22400000,15867,14891,4266,900,2709,3627,309,3080,976,CBO_T05_social_security
2004,middle,112000,22400000,9341,8931,3332,378,1757,1713,77,1674,410,CBO_T05_social_security
2004,fourth,112000,22400000,5756,5561,2333,180,1171,806,0,1071,195,CBO_T05_social_security
2004,top,112000,22400000,4732,4634,2333,90,1098,403,0,710,98,CBO_T05_social_security
2004,average,112000,22400000,12815,12057,3706,698,2240,2660,232,2521,757,
2005,bottom,113146,22629200,29567,27320,6369,2100,4713,7002,843,6293,2247,CBO_T05_social_security
2005,second,113146,22629200,16432,15412,4425,953,2812,3771,383,3068,1020,CBO_T05_social_security
2005,middle,113146,22629200,9653,9216,3352,408,1900,1831,77,1648,437,CBO_T05_social_security
2005,fourth,113146,22629200,6068,5860,2480,194,1292,862,0,1032,208,CBO_T05_social_security
2005,top,113146,22629200,5478,5353,2614,117,1292,539,0,791,125,CBO_T05_social_security
2005,average,113146,22629200,13440,12632,3848,754,2402,2801,261,2566,807,
2006,bottom,114384,22876800,30596,28315,6465,2256,5358,6886,883,6467,2281,CBO_T05_social_security
2006,second,114384,22876800,16784,15770,4512,1003,3062,3776,321,3096,1014,CBO_T05_social_security
2006,middle,114384,22876800,9995,9573,3502,418,2143,1777,80,1653,422,CBO_T05_social_security
2006,fourth,114384,22876800,6531,6320,2627,209,1531,888,0,1065,211,CBO_T05_social_security
2006,top,114384,22876800,5726,5599,2761,125,1531,444,0,738,127,CBO_T05_social_security
2006,average,114384,22876800,13926,13115,3973,802,2725,2754,257,2604,811,
2007,bottom,116011,23202200,30926,28618,6458,2277,5345,7104,916,6518,2308,CBO_T05_social_security
2007,second,116011,23202200,17683,16636,4897,1033,3271,3896,333,3206,1047,CBO_T05_social_security
2007,middle,116011,23202200,10753,10283,3691,464,2314,1948,83,1783,470,CBO_T05_social_security
2007,fourth,116011,23202200,7123,6888,2910,232,1675,917,0,1154,235,CBO_T05_social_security
2007,top,116011,23202200,6404,6276,3123,126,1675,573,0,779,128,CBO_T05_social_security
2007,average,116011,23202200,14578,13740,4216,826,2856,2888,266,2688,838,
2008,bottom,117181,23436200,35501,33089,7054,2449,5968,7395,998,9225,2412,CBO_T05_social_security
2008,second,117181,23436200,20335,19162,4988,1191,3515,4209,499,4760,1173,CBO_T05_social_security
2008,middle,117181,23436200,11961,11461,3848,507,2452,2048,83,2523,500,CBO_T05_social_security
2008,fourth,117181,23436200,7689,7450,2993,243,1798,910,0,1506,239,CBO_T05_social_security
2008,top,117181,23436200,6219,6089,2850,132,1553,569,0,985,130,CBO_T05_social_security
2008,average,117181,23436200,16341,15450,4347,904,3057,3026,316,3800,891,
2009,bottom,117181,23436200,37163,34701,7571,2664,6337,7675,1335,9119,2462,CBO_T05_social_security
2009,second,117181,23436200,22850,21619,5731,1332,3900,4561,751,5344,1231,CBO_T05_social_security
2009,middle,117181,23436200,14339,13763,4387,623,2762,2447,167,3377,576,CBO_T05_social_security
2009,fourth,117181,23436200,8854,8596,3184,279,1869,1112,83,2069,258,CBO_T05_social_security
2009,top,117181,23436200,6787,6648,2901,150,1544,667,0,1386,139,CBO_T05_social_security
2009,average,117181,23436200,17999,17065,4755,1010,3282,3292,467,4259,933,
2010,bottom,118682,23736400,39495,37018,7363,2724,6270,8101,1528,11032,2477,CBO_T05_social_security
2010,second,118682,23736400,24647,23360,5775,1416,4013,4906,934,6316,1287,CBO_T05_social_security
2010,middle,118682,23736400,15349,14764,4620,643,2926,2510,255,3810,585,CBO_T05_social_security
2010,fourth,118682,23736400,9567,9294,3393,300,2006,1141,85,2369,273,CBO_T05_social_security
2010,top,118682,23736400,7243,7106,3176,150,1756,571,0,1453,137,CBO_T05_social_security
2010,average,118682,23736400,19260,18308,4865,1047,3394,3446,560,4996,952,
2011,bottom,119927,23985400,39642,37257,7744,2773,6665,8126,1600,10349,2385,CBO_T05_social_security
2011,second,119927,23985400,24710,23426,5753,1493,4034,5051,1011,6084,1284,CBO_T05_social_security
2011,middle,119927,23985400,15264,14677,4573,683,2981,2526,337,3577,587,CBO_T05_social_security
2011,fourth,119927,23985400,9382,9143,3540,277,2105,1098,84,2039,239,CBO_T05_social_security
2011,top,119927,23985400,7402,7274,3245,149,1842,659,0,1379,128,CBO_T05_social_security
2011,average,119927,23985400,19280,18355,4971,1075,3525,3492,606,4686,925,
2012,bottom,121084,24216800,38823,36495,8036,2916,6722,8324,1717,8780,2328,CBO_T05_social_security
2012,second,121084,24216800,24482,23220,6027,1580,4190,5216,1030,5177,1262,CBO_T05_social_security
2012,middle,121084,24216800,15173,14622,4911,690,3143,2553,258,3067,551,CBO_T05_social_security
2012,fourth,121084,24216800,9485,9236,3720,312,2095,1221,86,1802,249,CBO_T05_social_security
2012,top,121084,24216800,7875,7751,3646,156,2008,666,0,1275,124,CBO_T05_social_security
2012,average,121084,24216800,19168,18265,5268,1131,3632,3596,618,4020,903,
2013,bottom,122459,24491800,39374,37026,8240,2972,6664,8803,1703,8644,2348,CBO_T05_social_security
2013,second,122459,24491800,24714,23452,6275,1597,4233,5460,986,4901,1262,CBO_T05_social_security
2013,middle,122459,24491800,15281,14720,5065,710,3152,2674,269,2850,561,CBO_T05_social_security
2013,fourth,122459,24491800,9976,9731,4007,310,2341,1226,90,1757,245,CBO_T05_social_security
2013,top,122459,24491800,7916,7811,3856,133,2161,557,0,1104,105,CBO_T05_social_security
2013,average,122459,24491800,19452,18548,5489,1144,3710,3744,610,3851,904,
2014,bottom,124587,24917400,39791,37494,8361,2843,6938,9386,1528,8438,2297,CBO_T05_social_security
2014,second,124587,24917400,24965,23714,6408,1549,4255,5776,899,4827,1251,CBO_T05_social_security
2014,middle,124587,24917400,16202,15600,5314,745,3330,3094,270,2847,602,CBO_T05_social_security
2014,fourth,124587,24917400,10700,10399,4141,373,2498,1547,90,1750,301,CBO_T05_social_security
2014,top,124587,24917400,8630,8487,4141,176,2313,722,0,1135,143,CBO_T05_social_security
2014,average,124587,24917400,20058,19139,5673,1137,3867,4105,557,3799,919,
2015,bottom,125819,25163800,40845,38610,8982,2721,7280,9628,1498,8501,2235,CBO_T05_social_security
2015,second,125819,25163800,26249,24944,6561,1589,4480,6419,881,5014,1305,CBO_T05_social_security
2015,middle,125819,25163800,17238,16578,5545,803,3453,3510,264,3003,660,CBO_T05_social_security
2015,fourth,125819,25163800,11095,10780,4218,383,2613,1705,88,1773,315,CBO_T05_social_security
2015,top,125819,25163800,9171,9006,4218,201,2427,903,0,1257,165,CBO_T05_social_security
2015,average,125819,25163800,20920,19984,5905,1139,4051,4433,546,3910,936,
2016,bottom,126224,25244800,41794,39566,9325,2677,7702,9817,1432,8613,2228,CBO_T05_social_security
2016,second,126224,25244800,26959,25660,6854,1560,4755,6612,805,5074,1299,CBO_T05_social_security
2016,middle,126224,25244800,17224,16575,5499,780,3518,3606,268,2904,649,CBO_T05_social_security
2016,fourth,126224,25244800,11637,11298,4384,408,2663,1903,89,1851,339,CBO_T05_social_security
2016,top,126224,25244800,9727,9535,4384,230,2472,1102,0,1347,192,CBO_T05_social_security
2016,average,126224,25244800,21468,20527,6089,1131,4222,4608,519,3958,941,
2017,bottom,127586,25517200,42327,40028,9463,2641,7921,10039,1453,8511,2299,CBO_T05_social_security
2017,second,127586,25517200,27486,26146,7117,1539,4830,6726,775,5159,1340,CBO_T05_social_security
2017,middle,127586,25517200,17897,17197,5662,804,3671,3714,194,3152,700,CBO_T05_social_security
2017,fourth,127586,25517200,12097,11747,4529,402,2801,1907,97,2011,350,CBO_T05_social_security
2017,top,127586,25517200,10020,9837,4529,210,2705,1004,0,1389,183,CBO_T05_social_security
2017,average,127586,25517200,21965,20991,6260,1119,4386,4678,504,4044,974,
2018,bottom,128451,25690200,44050,41602,9717,2726,8261,10544,1321,9033,2448,CBO_T05_social_security
2018,second,128451,25690200,28398,27006,7391,1550,5060,7064,661,5280,1392,CBO_T05_social_security
2018,middle,128451,25690200,18640,17936,5980,784,4027,3788,189,3168,704,CBO_T05_social_security
2018,fourth,128451,25690200,12346,12026,4900,356,3098,1740,94,1838,320,CBO_T05_social_security
2018,top,128451,25690200,10472,10312,4900,178,2995,819,0,1420,160,CBO_T05_social_security
2018,average,128451,25690200,22781,21776,6578,1119,4688,4791,453,4148,1005,
2019,bottom,129931,25986200,45284,42815,10414,2636,8891,10492,1244,9138,2469,CBO_T05_social_security
2019,second,129931,25986200,29240,27811,7682,1526,5479,7131,574,5419,1429,CBO_T05_social_security
2019,middle,129931,25986200,19388,18641,6317,798,4239,3871,191,3225,747,CBO_T05_social_security
2019,fourth,129931,25986200,13254,12880,5122,399,3308,1935,96,2020,374,CBO_T05_social_security
2019,top,129931,25986200,11468,11257,5207,225,3205,1019,0,1601,211,CBO_T05_social_security
2019,average,129931,25986200,23727,22681,6948,1117,5024,4890,421,4281,1046,
2020,bottom,128451,25690200,53517,51357,10168,2144,8593,11137,1792,17523,2160,CBO_T05_social_security
2020,second,128451,25690200,42360,40793,8728,1555,6071,7775,1120,15544,1567,CBO_T05_social_security
2020,middle,128451,25690200,29757,28806,7198,944,4763,4518,448,10935,951,CBO_T05_social_security
2020,fourth,128451,25690200,21052,20470,5669,578,3642,2312,224,8045,582,CBO_T05_social_security
2020,top,128451,25690200,16131,15762,5309,367,3269,1261,112,5444,369,CBO_T05_social_security
2020,average,128451,25690200,32563,31438,7414,1118,5268,5401,739,11498,1126,
2021,bottom,129000,25800000,63511,60951,10729,2271,9539,11902,2998,23512,2560,CBO_T05_social_security
2021,second,129000,25800000,45020,43350,8565,1482,6161,8343,1771,17028,1670,CBO_T05_social_security
2021,middle,129000,25800000,30861,29862,7153,887,4869,5117,681,11155,999,CBO_T05_social_security
2021,fourth,129000,25800000,21091,20530,6023,498,3975,2670,273,7091,561,CBO_T05_social_security
2021,top,129000,25800000,16824,16495,6023,291,3875,1446,136,4724,329,CBO_T05_social_security
2021,average,129000,25800000,35461,34238,7699,1086,5684,5896,1172,12702,1224,
2022,bottom,131434,26286800,56174,52984,12339,2378,10139,12333,2590,13205,3190,CBO_T05_social_security
2022,second,131434,26286800,38094,36085,9254,1498,6518,9044,1480,8291,2009,CBO_T05_social_security
2022,middle,131434,26286800,26219,25057,7563,866,5173,5638,617,5200,1162,CBO_T05_social_security
2022,fourth,131434,26286800,17938,17308,6169,470,4138,3054,247,3230,630,CBO_T05_social_security
2022,top,131434,26286800,14461,14126,6070,250,3828,1644,123,2211,335,CBO_T05_social_security
2022,average,131434,26286800,30577,29112,8279,1092,5959,6343,1011,6427,1465,
