household_type,income_group,year,market_inc,inc_before_transfers_taxes,inc_after_transfers_taxes
all_households,all_quintiles,1979,100.0,100.0,100.0
all_households,all_quintiles,1980,100.0,100.0,100.0
all_households,all_quintiles,1981,100.0,100.0,100.0
all_households,all_quintiles,1982,100.0,100.0,100.0
all_households,all_quintiles,1983,100.0,100.0,100.0
all_households,all_quintiles,1984,100.0,100.0,100.0
all_households,all_quintiles,1985,100.0,100.0,100.0
all_households,all_quintiles,1986,100.0,100.0,100.0
all_households,all_quintiles,1987,100.0,100.0,100.0
all_households,all_quintiles,1988,100.0,100.0,100.0
all_households,all_quintiles,1989,100.0,100.0,100.0
all_households,all_quintiles,1990,100.0,100.0,100.0
all_households,all_quintiles,1991,100.0,100.0,100.0
all_households,all_quintiles,1992,100.0,100.0,100.0
all_households,all_quintiles,1993,100.0,100.0,100.0
all_households,all_quintiles,1994,100.0,100.0,100.0
all_households,all_quintiles,1995,100.0,100.0,100.0
all_households,all_quintiles,1996,100.0,100.0,100.0
all_households,all_quintiles,1997,100.0,100.0,100.0
all_households,all_quintiles,1998,100.0,100.0,100.0
all_households,all_quintiles,1999,100.0,100.0,100.0
all_households,all_quintiles,2000,100.0,100.0,100.0
all_households,all_quintiles,2001,100.0,100.0,100.0
all_households,all_quintiles,2002,100.0,100.0,100.0
all_households,all_quintiles,2003,100.0,100.0,100.0
all_households,all_quintiles,2004,100.0,100.0,100.0
all_households,all_quintiles,2005,100.0,100.0,100.0
all_households,all_quintiles,2006,100.0,100.0,100.0
all_households,all_quintiles,2007,100.0,100.0,100.0
all_households,all_quintiles,2008,100.0,100.0,100.0
all_households,all_quintiles,2009,100.0,100.0,100.0
all_households,all_quintiles,2010,100.0,100.0,100.0
all_households,all_quintiles,2011,100.0,100.0,100.0
all_households,all_quintiles,2012,100.0,100.0,100.0
all_households,all_quintiles,2013,100.0,100.0,100.0
all_households,all_quintiles,2014,100.0,100.0,100.0
all_households,all_quintiles,2015,100.0,100.0,100.0
all_households,lowest_quintile,1979,4.3,5.5,7.5
all_households,lowest_quintile,1980,4.4,5.5,7.4
all_households,lowest_quintile,1981,4.3,5.2,7.1
all_households,lowest_quintile,1982,4.2,4.9,6.6
all_households,lowest_quintile,1983,4.0,4.6,6.1
all_households,lowest_quintile,1984,4.2,4.7,6.2
all_households,lowest_quintile,1985,4.0,4.6,6.0
all_households,lowest_quintile,1986,3.8,4.2,5.7
all_households,lowest_quintile,1987,3.5,4.0,5.7
all_households,lowest_quintile,1988,3.5,4.0,5.5
all_households,lowest_quintile,1989,3.7,4.2,5.7
all_households,lowest_quintile,1990,3.9,4.4,5.9
all_households,lowest_quintile,1991,4.1,4.6,6.2
all_households,lowest_quintile,1992,4.1,4.5,6.0
all_households,lowest_quintile,1993,4.1,4.5,6.1
all_households,lowest_quintile,1994,4.0,4.4,6.1
all_households,lowest_quintile,1995,4.3,4.7,6.3
all_households,lowest_quintile,1996,4.2,4.5,6.1
all_households,lowest_quintile,1997,4.2,4.6,6.0
all_households,lowest_quintile,1998,4.3,4.6,6.0
all_households,lowest_quintile,1999,4.2,4.6,6.0
all_households,lowest_quintile,2000,4.0,4.4,5.8
all_households,lowest_quintile,2001,4.1,4.5,6.0
all_households,lowest_quintile,2002,4.3,4.8,6.3
all_households,lowest_quintile,2003,4.2,4.6,6.1
all_households,lowest_quintile,2004,4.0,4.5,6.0
all_households,lowest_quintile,2005,4.0,4.5,5.9
all_households,lowest_quintile,2006,4.0,4.3,5.7
all_households,lowest_quintile,2007,4.2,4.5,6.0
all_households,lowest_quintile,2008,4.4,4.8,6.5
all_households,lowest_quintile,2009,4.5,4.9,6.6
all_households,lowest_quintile,2010,4.5,4.9,6.7
all_households,lowest_quintile,2011,4.5,4.9,6.7
all_households,lowest_quintile,2012,4.1,4.5,6.3
all_households,lowest_quintile,2013,4.4,4.8,6.7
all_households,lowest_quintile,2014,4.2,4.6,6.7
all_households,lowest_quintile,2015,4.4,4.8,7.0
all_households,second_quintile,1979,10.0,11.0,12.3
all_households,second_quintile,1980,9.7,10.8,12.3
all_households,second_quintile,1981,9.6,10.7,12.2
all_households,second_quintile,1982,9.2,10.4,11.8
all_households,second_quintile,1983,8.9,10.1,11.4
all_households,second_quintile,1984,9.0,10.1,11.3
all_households,second_quintile,1985,8.8,10.0,11.2
all_households,second_quintile,1986,8.3,9.5,10.6
all_households,second_quintile,1987,8.6,9.9,11.2
all_households,second_quintile,1988,8.4,9.7,11.0
all_households,second_quintile,1989,8.5,9.7,11.0
all_households,second_quintile,1990,8.8,9.9,11.2
all_households,second_quintile,1991,8.7,9.9,11.4
all_households,second_quintile,1992,8.5,9.6,11.2
all_households,second_quintile,1993,8.5,9.7,11.4
all_households,second_quintile,1994,8.5,9.7,11.5
all_households,second_quintile,1995,8.6,9.7,11.4
all_households,second_quintile,1996,8.3,9.3,11.1
all_households,second_quintile,1997,8.1,9.1,10.8
all_households,second_quintile,1998,8.1,9.0,10.8
all_households,second_quintile,1999,7.9,8.8,10.6
all_households,second_quintile,2000,7.9,8.7,10.4
all_households,second_quintile,2001,8.2,9.2,11.0
all_households,second_quintile,2002,8.4,9.4,11.2
all_households,second_quintile,2003,8.2,9.3,11.1
all_households,second_quintile,2004,8.1,9.0,10.8
all_households,second_quintile,2005,7.6,8.6,10.4
all_households,second_quintile,2006,7.6,8.5,10.2
all_households,second_quintile,2007,7.8,8.6,10.2
all_households,second_quintile,2008,8.1,9.0,10.8
all_households,second_quintile,2009,8.3,9.3,11.3
all_households,second_quintile,2010,8.2,9.1,11.1
all_households,second_quintile,2011,7.9,9.0,11.0
all_households,second_quintile,2012,7.5,8.5,10.5
all_households,second_quintile,2013,7.9,8.8,10.9
all_households,second_quintile,2014,7.7,8.6,10.9
all_households,second_quintile,2015,7.8,8.7,11.0
all_households,middle_quintile,1979,15.9,16.1,16.6
all_households,middle_quintile,1980,15.7,15.9,16.4
all_households,middle_quintile,1981,15.7,15.9,16.3
all_households,middle_quintile,1982,15.4,15.8,16.1
all_households,middle_quintile,1983,15.1,15.6,16.0
all_households,middle_quintile,1984,15.1,15.5,15.8
all_households,middle_quintile,1985,14.9,15.3,15.6
all_households,middle_quintile,1986,14.3,14.8,15.1
all_households,middle_quintile,1987,14.9,15.5,16.1
all_households,middle_quintile,1988,14.5,15.0,15.5
all_households,middle_quintile,1989,14.6,15.1,15.6
all_households,middle_quintile,1990,14.5,15.1,15.7
all_households,middle_quintile,1991,14.7,15.4,16.0
all_households,middle_quintile,1992,14.3,15.1,15.9
all_households,middle_quintile,1993,14.3,15.1,16.0
all_households,middle_quintile,1994,14.3,15.0,16.0
all_households,middle_quintile,1995,14.1,14.8,15.8
all_households,middle_quintile,1996,13.7,14.4,15.5
all_households,middle_quintile,1997,13.4,14.1,15.1
all_households,middle_quintile,1998,13.1,13.9,15.0
all_households,middle_quintile,1999,12.9,13.6,14.7
all_households,middle_quintile,2000,12.7,13.4,14.6
all_households,middle_quintile,2001,13.2,14.0,15.3
all_households,middle_quintile,2002,13.4,14.3,15.6
all_households,middle_quintile,2003,13.2,14.1,15.4
all_households,middle_quintile,2004,12.8,13.7,15.1
all_households,middle_quintile,2005,12.3,13.2,14.5
all_households,middle_quintile,2006,12.1,13.1,14.4
all_households,middle_quintile,2007,12.2,13.0,14.2
all_households,middle_quintile,2008,12.6,13.6,14.9
all_households,middle_quintile,2009,13.1,14.2,15.7
all_households,middle_quintile,2010,12.7,13.9,15.4
all_households,middle_quintile,2011,12.5,13.7,15.2
all_households,middle_quintile,2012,11.9,13.1,14.6
all_households,middle_quintile,2013,12.4,13.5,15.1
all_households,middle_quintile,2014,12.1,13.1,14.8
all_households,middle_quintile,2015,12.2,13.2,14.8
all_households,fourth_quintile,1979,22.8,22.4,22.2
all_households,fourth_quintile,1980,22.9,22.5,22.3
all_households,fourth_quintile,1981,22.9,22.6,22.3
all_households,fourth_quintile,1982,22.9,22.7,22.3
all_households,fourth_quintile,1983,22.7,22.6,22.3
all_households,fourth_quintile,1984,22.6,22.5,22.2
all_households,fourth_quintile,1985,22.2,22.2,21.9
all_households,fourth_quintile,1986,21.4,21.5,21.2
all_households,fourth_quintile,1987,22.6,22.5,22.5
all_households,fourth_quintile,1988,21.9,22.0,21.9
all_households,fourth_quintile,1989,22.0,22.0,21.9
all_households,fourth_quintile,1990,22.0,22.0,21.9
all_households,fourth_quintile,1991,22.1,22.3,22.1
all_households,fourth_quintile,1992,21.7,21.9,21.8
all_households,fourth_quintile,1993,21.8,22.0,22.1
all_households,fourth_quintile,1994,21.9,22.0,22.1
all_households,fourth_quintile,1995,21.4,21.6,21.8
all_households,fourth_quintile,1996,21.0,21.3,21.5
all_households,fourth_quintile,1997,20.4,20.8,21.1
all_households,fourth_quintile,1998,20.2,20.5,20.7
all_households,fourth_quintile,1999,19.8,20.1,20.4
all_households,fourth_quintile,2000,19.4,19.8,20.2
all_households,fourth_quintile,2001,20.6,20.9,21.2
all_households,fourth_quintile,2002,20.8,21.2,21.5
all_households,fourth_quintile,2003,20.5,20.9,21.2
all_households,fourth_quintile,2004,19.9,20.3,20.7
all_households,fourth_quintile,2005,19.2,19.7,20.0
all_households,fourth_quintile,2006,18.9,19.4,19.9
all_households,fourth_quintile,2007,18.6,19.2,19.5
all_households,fourth_quintile,2008,19.6,20.1,20.5
all_households,fourth_quintile,2009,20.5,21.1,21.4
all_households,fourth_quintile,2010,19.7,20.5,20.9
all_households,fourth_quintile,2011,19.8,20.5,20.9
all_households,fourth_quintile,2012,19.0,19.8,20.2
all_households,fourth_quintile,2013,19.6,20.4,20.9
all_households,fourth_quintile,2014,19.2,19.9,20.4
all_households,fourth_quintile,2015,19.2,19.9,20.3
all_households,highest_quintile,1979,47.3,45.3,41.8
all_households,highest_quintile,1980,47.8,45.6,42.2
all_households,highest_quintile,1981,48.0,45.9,42.8
all_households,highest_quintile,1982,48.9,46.7,44.0
all_households,highest_quintile,1983,50.0,47.7,45.0
all_households,highest_quintile,1984,49.9,47.8,45.3
all_households,highest_quintile,1985,50.7,48.6,46.2
all_households,highest_quintile,1986,52.9,50.6,48.2
all_households,highest_quintile,1987,51.3,48.8,45.6
all_households,highest_quintile,1988,52.6,50.2,47.1
all_households,highest_quintile,1989,52.1,49.8,46.8
all_households,highest_quintile,1990,51.7,49.4,46.3
all_households,highest_quintile,1991,51.3,48.8,45.5
all_households,highest_quintile,1992,52.4,49.7,46.1
all_households,highest_quintile,1993,52.2,49.5,45.5
all_households,highest_quintile,1994,52.1,49.6,45.3
all_households,highest_quintile,1995,52.5,50.0,45.6
all_households,highest_quintile,1996,53.6,51.2,46.7
all_households,highest_quintile,1997,54.6,52.2,47.9
all_households,highest_quintile,1998,55.0,52.6,48.3
all_households,highest_quintile,1999,55.9,53.5,49.1
all_households,highest_quintile,2000,56.5,54.2,49.7
all_households,highest_quintile,2001,54.7,52.1,47.5
all_households,highest_quintile,2002,53.9,51.1,46.5
all_households,highest_quintile,2003,54.8,51.8,47.2
all_households,highest_quintile,2004,56.0,53.1,48.4
all_households,highest_quintile,2005,57.5,54.7,49.9
all_households,highest_quintile,2006,58.1,55.3,50.6
all_households,highest_quintile,2007,58.1,55.5,51.0
all_households,highest_quintile,2008,56.6,53.6,48.7
all_households,highest_quintile,2009,55.4,52.0,46.9
all_households,highest_quintile,2010,56.5,52.9,47.6
all_households,highest_quintile,2011,56.8,53.2,47.9
all_households,highest_quintile,2012,59.0,55.3,49.9
all_households,highest_quintile,2013,57.2,53.9,48.1
all_households,highest_quintile,2014,58.2,55.0,48.9
all_households,highest_quintile,2015,58.0,54.7,48.5
all_households,percentiles_81_90,1979,15.8,15.2,14.7
all_households,percentiles_81_90,1980,16.0,15.4,14.8
all_households,percentiles_81_90,1981,16.0,15.5,14.8
all_households,percentiles_81_90,1982,16.2,15.7,15.1
all_households,percentiles_81_90,1983,16.1,15.7,15.1
all_households,percentiles_81_90,1984,15.9,15.5,15.0
all_households,percentiles_81_90,1985,15.9,15.6,15.0
all_households,percentiles_81_90,1986,15.3,15.0,14.5
all_households,percentiles_81_90,1987,16.2,15.7,15.1
all_households,percentiles_81_90,1988,15.7,15.3,14.8
all_households,percentiles_81_90,1989,15.7,15.4,14.8
all_households,percentiles_81_90,1990,15.7,15.4,14.8
all_households,percentiles_81_90,1991,15.8,15.4,14.8
all_households,percentiles_81_90,1992,15.7,15.3,14.8
all_households,percentiles_81_90,1993,15.8,15.4,14.9
all_households,percentiles_81_90,1994,15.8,15.4,14.9
all_households,percentiles_81_90,1995,15.5,15.2,14.7
all_households,percentiles_81_90,1996,15.3,15.0,14.6
all_households,percentiles_81_90,1997,15.0,14.8,14.5
all_households,percentiles_81_90,1998,14.8,14.6,14.2
all_households,percentiles_81_90,1999,14.6,14.4,14.0
all_households,percentiles_81_90,2000,14.3,14.2,13.8
all_households,percentiles_81_90,2001,15.1,14.8,14.3
all_households,percentiles_81_90,2002,15.3,14.9,14.4
all_households,percentiles_81_90,2003,15.4,15.0,14.4
all_households,percentiles_81_90,2004,14.9,14.6,14.1
all_households,percentiles_81_90,2005,14.4,14.1,13.8
all_households,percentiles_81_90,2006,14.2,14.0,13.7
all_households,percentiles_81_90,2007,13.9,13.8,13.5
all_households,percentiles_81_90,2008,14.6,14.4,14.0
all_households,percentiles_81_90,2009,15.4,15.2,14.6
all_households,percentiles_81_90,2010,15.1,14.8,14.2
all_households,percentiles_81_90,2011,15.2,14.9,14.3
all_households,percentiles_81_90,2012,14.7,14.4,13.9
all_households,percentiles_81_90,2013,15.2,15.0,14.5
all_households,percentiles_81_90,2014,14.8,14.6,14.1
all_households,percentiles_81_90,2015,14.8,14.6,14.1
all_households,percentiles_91_95,1979,10.1,9.7,9.2
all_households,percentiles_91_95,1980,10.3,9.9,9.3
all_households,percentiles_91_95,1981,10.4,10.0,9.4
all_households,percentiles_91_95,1982,10.4,10.0,9.5
all_households,percentiles_91_95,1983,10.5,10.1,9.7
all_households,percentiles_91_95,1984,10.4,10.0,9.6
all_households,percentiles_91_95,1985,10.4,10.0,9.6
all_households,percentiles_91_95,1986,10.2,9.8,9.4
all_households,percentiles_91_95,1987,10.6,10.1,9.6
all_households,percentiles_91_95,1988,10.2,9.8,9.4
all_households,percentiles_91_95,1989,10.4,10.0,9.5
all_households,percentiles_91_95,1990,10.3,10.0,9.5
all_households,percentiles_91_95,1991,10.5,10.1,9.6
all_households,percentiles_91_95,1992,10.5,10.0,9.5
all_households,percentiles_91_95,1993,10.5,10.1,9.6
all_households,percentiles_91_95,1994,10.5,10.1,9.5
all_households,percentiles_91_95,1995,10.5,10.1,9.5
all_households,percentiles_91_95,1996,10.4,10.0,9.5
all_households,percentiles_91_95,1997,10.4,10.0,9.6
all_households,percentiles_91_95,1998,10.2,9.9,9.4
all_households,percentiles_91_95,1999,10.1,9.8,9.3
all_households,percentiles_91_95,2000,10.0,9.7,9.2
all_households,percentiles_91_95,2001,10.4,10.0,9.4
all_households,percentiles_91_95,2002,10.5,10.1,9.5
all_households,percentiles_91_95,2003,10.5,10.0,9.5
all_households,percentiles_91_95,2004,10.3,9.9,9.3
all_households,percentiles_91_95,2005,10.1,9.8,9.3
all_households,percentiles_91_95,2006,10.0,9.7,9.2
all_households,percentiles_91_95,2007,9.8,9.6,9.1
all_households,percentiles_91_95,2008,10.4,10.0,9.3
all_households,percentiles_91_95,2009,10.8,10.3,9.6
all_households,percentiles_91_95,2010,10.6,10.1,9.4
all_households,percentiles_91_95,2011,10.7,10.2,9.5
all_households,percentiles_91_95,2012,10.4,10.0,9.3
all_households,percentiles_91_95,2013,10.7,10.2,9.6
all_households,percentiles_91_95,2014,10.6,10.2,9.5
all_households,percentiles_91_95,2015,10.6,10.1,9.4
all_households,percentiles_96_99,1979,11.9,11.3,10.4
all_households,percentiles_96_99,1980,12.1,11.5,10.5
all_households,percentiles_96_99,1981,12.1,11.5,10.6
all_households,percentiles_96_99,1982,12.2,11.6,10.8
all_households,percentiles_96_99,1983,12.4,11.7,11.1
all_households,percentiles_96_99,1984,12.2,11.7,11.1
all_households,percentiles_96_99,1985,12.4,11.8,11.2
all_households,percentiles_96_99,1986,12.6,12.0,11.4
all_households,percentiles_96_99,1987,12.7,12.0,11.2
all_households,percentiles_96_99,1988,12.6,11.9,11.2
all_households,percentiles_96_99,1989,12.8,12.1,11.4
all_households,percentiles_96_99,1990,12.7,12.0,11.3
all_households,percentiles_96_99,1991,12.9,12.2,11.3
all_households,percentiles_96_99,1992,13.1,12.3,11.3
all_households,percentiles_96_99,1993,13.1,12.3,11.3
all_households,percentiles_96_99,1994,12.9,12.3,11.3
all_households,percentiles_96_99,1995,13.2,12.5,11.4
all_households,percentiles_96_99,1996,13.2,12.5,11.5
all_households,percentiles_96_99,1997,13.3,12.7,11.6
all_households,percentiles_96_99,1998,13.3,12.7,11.6
all_households,percentiles_96_99,1999,13.5,12.8,11.7
all_households,percentiles_96_99,2000,13.4,12.8,11.7
all_households,percentiles_96_99,2001,13.3,12.6,11.5
all_households,percentiles_96_99,2002,13.6,12.7,11.5
all_households,percentiles_96_99,2003,13.5,12.7,11.5
all_households,percentiles_96_99,2004,13.5,12.7,11.5
all_households,percentiles_96_99,2005,13.7,13.0,11.8
all_households,percentiles_96_99,2006,13.8,13.1,11.9
all_households,percentiles_96_99,2007,13.7,13.0,11.8
all_households,percentiles_96_99,2008,13.6,12.8,11.5
all_households,percentiles_96_99,2009,13.8,12.8,11.3
all_households,percentiles_96_99,2010,13.8,12.8,11.3
all_households,percentiles_96_99,2011,14.1,13.0,11.6
all_households,percentiles_96_99,2012,14.1,13.1,11.6
all_households,percentiles_96_99,2013,14.3,13.3,11.8
all_households,percentiles_96_99,2014,14.4,13.5,11.9
all_households,percentiles_96_99,2015,14.3,13.3,11.7
all_households,top_1_percent,1979,9.5,8.9,7.4
all_households,top_1_percent,1980,9.5,8.9,7.6
all_households,top_1_percent,1981,9.6,8.9,7.9
all_households,top_1_percent,1982,10.2,9.4,8.6
all_households,top_1_percent,1983,11.0,10.2,9.2
all_households,top_1_percent,1984,11.4,10.6,9.6
all_households,top_1_percent,1985,12.1,11.2,10.3
all_households,top_1_percent,1986,14.8,13.8,12.9
all_households,top_1_percent,1987,11.9,11.0,9.7
all_households,top_1_percent,1988,14.1,13.1,11.7
all_households,top_1_percent,1989,13.2,12.3,11.0
all_households,top_1_percent,1990,12.9,12.0,10.8
all_households,top_1_percent,1991,12.0,11.1,9.8
all_households,top_1_percent,1992,13.2,12.1,10.5
all_households,top_1_percent,1993,12.8,11.7,9.7
all_households,top_1_percent,1994,12.9,11.8,9.7
all_households,top_1_percent,1995,13.4,12.3,10.0
all_households,top_1_percent,1996,14.8,13.6,11.1
all_households,top_1_percent,1997,15.9,14.7,12.3
all_households,top_1_percent,1998,16.8,15.5,13.2
all_households,top_1_percent,1999,17.7,16.5,14.0
all_households,top_1_percent,2000,18.8,17.5,15.0
all_households,top_1_percent,2001,15.9,14.6,12.3
all_households,top_1_percent,2002,14.5,13.3,11.1
all_households,top_1_percent,2003,15.4,14.1,11.8
all_households,top_1_percent,2004,17.4,16.0,13.5
all_households,top_1_percent,2005,19.3,17.9,15.2
all_households,top_1_percent,2006,20.1,18.5,15.9
all_households,top_1_percent,2007,20.7,19.1,16.6
all_households,top_1_percent,2008,18.0,16.4,14.0
all_households,top_1_percent,2009,15.3,13.7,11.4
all_households,top_1_percent,2010,17.1,15.3,12.7
all_households,top_1_percent,2011,16.8,15.1,12.5
all_households,top_1_percent,2012,19.8,17.8,15.0
all_households,top_1_percent,2013,17.1,15.4,12.3
all_households,top_1_percent,2014,18.5,16.7,13.3
all_households,top_1_percent,2015,18.4,16.6,13.3
hh_with_children,all_quintiles,1979,100.0,100.0,100.0
hh_with_children,all_quintiles,1980,100.0,100.0,100.0
hh_with_children,all_quintiles,1981,100.0,100.0,100.0
hh_with_children,all_quintiles,1982,100.0,100.0,100.0
hh_with_children,all_quintiles,1983,100.0,100.0,100.0
hh_with_children,all_quintiles,1984,100.0,100.0,100.0
hh_with_children,all_quintiles,1985,100.0,100.0,100.0
hh_with_children,all_quintiles,1986,100.0,100.0,100.0
hh_with_children,all_quintiles,1987,100.0,100.0,100.0
hh_with_children,all_quintiles,1988,100.0,100.0,100.0
hh_with_children,all_quintiles,1989,100.0,100.0,100.0
hh_with_children,all_quintiles,1990,100.0,100.0,100.0
hh_with_children,all_quintiles,1991,100.0,100.0,100.0
hh_with_children,all_quintiles,1992,100.0,100.0,100.0
hh_with_children,all_quintiles,1993,100.0,100.0,100.0
hh_with_children,all_quintiles,1994,100.0,100.0,100.0
hh_with_children,all_quintiles,1995,100.0,100.0,100.0
hh_with_children,all_quintiles,1996,100.0,100.0,100.0
hh_with_children,all_quintiles,1997,100.0,100.0,100.0
hh_with_children,all_quintiles,1998,100.0,100.0,100.0
hh_with_children,all_quintiles,1999,100.0,100.0,100.0
hh_with_children,all_quintiles,2000,100.0,100.0,100.0
hh_with_children,all_quintiles,2001,100.0,100.0,100.0
hh_with_children,all_quintiles,2002,100.0,100.0,100.0
hh_with_children,all_quintiles,2003,100.0,100.0,100.0
hh_with_children,all_quintiles,2004,100.0,100.0,100.0
hh_with_children,all_quintiles,2005,100.0,100.0,100.0
hh_with_children,all_quintiles,2006,100.0,100.0,100.0
hh_with_children,all_quintiles,2007,100.0,100.0,100.0
hh_with_children,all_quintiles,2008,100.0,100.0,100.0
hh_with_children,all_quintiles,2009,100.0,100.0,100.0
hh_with_children,all_quintiles,2010,100.0,100.0,100.0
hh_with_children,all_quintiles,2011,100.0,100.0,100.0
hh_with_children,all_quintiles,2012,100.0,100.0,100.0
hh_with_children,all_quintiles,2013,100.0,100.0,100.0
hh_with_children,all_quintiles,2014,100.0,100.0,100.0
hh_with_children,all_quintiles,2015,100.0,100.0,100.0
hh_with_children,lowest_quintile,1979,5.8,6.1,8.5
hh_with_children,lowest_quintile,1980,6.0,6.3,8.8
hh_with_children,lowest_quintile,1981,6.1,6.4,9.0
hh_with_children,lowest_quintile,1982,6.1,6.4,9.0
hh_with_children,lowest_quintile,1983,5.9,6.3,8.9
hh_with_children,lowest_quintile,1984,5.9,6.1,8.4
hh_with_children,lowest_quintile,1985,5.9,6.2,8.6
hh_with_children,lowest_quintile,1986,5.5,5.8,8.2
hh_with_children,lowest_quintile,1987,5.3,5.6,8.7
hh_with_children,lowest_quintile,1988,5.4,5.7,8.6
hh_with_children,lowest_quintile,1989,5.5,5.8,8.5
hh_with_children,lowest_quintile,1990,6.0,6.2,9.1
hh_with_children,lowest_quintile,1991,6.2,6.5,9.5
hh_with_children,lowest_quintile,1992,6.1,6.4,9.3
hh_with_children,lowest_quintile,1993,6.1,6.3,9.3
hh_with_children,lowest_quintile,1994,5.9,6.1,9.2
hh_with_children,lowest_quintile,1995,6.3,6.4,9.4
hh_with_children,lowest_quintile,1996,6.2,6.4,9.1
hh_with_children,lowest_quintile,1997,6.3,6.5,8.9
hh_with_children,lowest_quintile,1998,6.4,6.5,9.0
hh_with_children,lowest_quintile,1999,5.9,6.1,8.4
hh_with_children,lowest_quintile,2000,5.6,5.8,8.1
hh_with_children,lowest_quintile,2001,5.8,6.0,8.5
hh_with_children,lowest_quintile,2002,5.9,6.0,8.6
hh_with_children,lowest_quintile,2003,5.6,5.7,8.3
hh_with_children,lowest_quintile,2004,5.3,5.5,8.0
hh_with_children,lowest_quintile,2005,5.3,5.4,7.9
hh_with_children,lowest_quintile,2006,5.4,5.4,8.0
hh_with_children,lowest_quintile,2007,5.6,5.7,8.3
hh_with_children,lowest_quintile,2008,5.5,5.6,8.5
hh_with_children,lowest_quintile,2009,5.6,5.8,9.0
hh_with_children,lowest_quintile,2010,5.5,5.7,8.9
hh_with_children,lowest_quintile,2011,5.4,5.6,8.9
hh_with_children,lowest_quintile,2012,5.1,5.3,8.5
hh_with_children,lowest_quintile,2013,5.3,5.4,8.7
hh_with_children,lowest_quintile,2014,5.1,5.2,8.7
hh_with_children,lowest_quintile,2015,5.1,5.1,8.8
hh_with_children,second_quintile,1979,13.6,13.9,15.1
hh_with_children,second_quintile,1980,13.5,13.8,15.2
hh_with_children,second_quintile,1981,13.7,14.0,15.2
hh_with_children,second_quintile,1982,13.6,14.0,15.3
hh_with_children,second_quintile,1983,13.2,13.6,14.8
hh_with_children,second_quintile,1984,13.1,13.4,14.4
hh_with_children,second_quintile,1985,13.0,13.3,14.4
hh_with_children,second_quintile,1986,12.4,12.8,13.8
hh_with_children,second_quintile,1987,12.2,12.5,13.6
hh_with_children,second_quintile,1988,12.1,12.4,13.4
hh_with_children,second_quintile,1989,12.0,12.4,13.6
hh_with_children,second_quintile,1990,13.0,13.3,14.5
hh_with_children,second_quintile,1991,12.8,13.1,14.6
hh_with_children,second_quintile,1992,12.7,13.1,14.8
hh_with_children,second_quintile,1993,12.5,12.8,14.9
hh_with_children,second_quintile,1994,12.2,12.6,14.5
hh_with_children,second_quintile,1995,12.1,12.4,14.4
hh_with_children,second_quintile,1996,12.2,12.5,14.6
hh_with_children,second_quintile,1997,12.1,12.4,14.5
hh_with_children,second_quintile,1998,11.7,11.9,14.0
hh_with_children,second_quintile,1999,11.3,11.6,13.6
hh_with_children,second_quintile,2000,10.9,11.2,13.1
hh_with_children,second_quintile,2001,11.5,11.8,13.9
hh_with_children,second_quintile,2002,11.6,11.9,14.2
hh_with_children,second_quintile,2003,11.3,11.7,13.9
hh_with_children,second_quintile,2004,10.9,11.2,13.4
hh_with_children,second_quintile,2005,10.6,10.9,13.2
hh_with_children,second_quintile,2006,10.2,10.5,12.7
hh_with_children,second_quintile,2007,10.5,10.8,12.9
hh_with_children,second_quintile,2008,10.8,11.1,13.5
hh_with_children,second_quintile,2009,11.1,11.6,14.2
hh_with_children,second_quintile,2010,10.8,11.1,13.9
hh_with_children,second_quintile,2011,10.6,11.0,13.8
hh_with_children,second_quintile,2012,10.3,10.7,13.5
hh_with_children,second_quintile,2013,10.5,10.7,13.7
hh_with_children,second_quintile,2014,10.4,10.7,13.7
hh_with_children,second_quintile,2015,10.2,10.5,13.6
hh_with_children,middle_quintile,1979,20.8,20.8,20.8
hh_with_children,middle_quintile,1980,21.1,21.2,21.1
hh_with_children,middle_quintile,1981,21.4,21.5,21.2
hh_with_children,middle_quintile,1982,21.3,21.4,20.9
hh_with_children,middle_quintile,1983,20.1,20.2,19.9
hh_with_children,middle_quintile,1984,20.0,20.1,19.9
hh_with_children,middle_quintile,1985,20.2,20.2,19.9
hh_with_children,middle_quintile,1986,18.9,19.0,18.7
hh_with_children,middle_quintile,1987,19.4,19.4,19.4
hh_with_children,middle_quintile,1988,19.3,19.3,19.2
hh_with_children,middle_quintile,1989,19.0,19.1,19.0
hh_with_children,middle_quintile,1990,19.3,19.4,19.4
hh_with_children,middle_quintile,1991,19.0,19.2,19.1
hh_with_children,middle_quintile,1992,18.3,18.6,18.7
hh_with_children,middle_quintile,1993,18.4,18.6,18.8
hh_with_children,middle_quintile,1994,18.3,18.4,18.8
hh_with_children,middle_quintile,1995,17.5,17.7,18.2
hh_with_children,middle_quintile,1996,17.7,18.0,18.5
hh_with_children,middle_quintile,1997,17.2,17.4,18.0
hh_with_children,middle_quintile,1998,16.6,16.8,17.5
hh_with_children,middle_quintile,1999,16.2,16.3,17.1
hh_with_children,middle_quintile,2000,15.3,15.5,16.4
hh_with_children,middle_quintile,2001,16.2,16.4,17.3
hh_with_children,middle_quintile,2002,16.2,16.5,17.4
hh_with_children,middle_quintile,2003,15.9,16.2,17.1
hh_with_children,middle_quintile,2004,15.5,15.8,16.8
hh_with_children,middle_quintile,2005,15.2,15.5,16.5
hh_with_children,middle_quintile,2006,14.5,14.8,15.8
hh_with_children,middle_quintile,2007,14.3,14.6,15.6
hh_with_children,middle_quintile,2008,14.8,15.1,16.2
hh_with_children,middle_quintile,2009,15.2,15.6,16.7
hh_with_children,middle_quintile,2010,14.5,14.9,16.2
hh_with_children,middle_quintile,2011,14.7,15.1,16.3
hh_with_children,middle_quintile,2012,13.8,14.3,15.5
hh_with_children,middle_quintile,2013,14.4,14.9,16.4
hh_with_children,middle_quintile,2014,14.3,14.7,16.3
hh_with_children,middle_quintile,2015,14.0,14.4,15.9
hh_with_children,fourth_quintile,1979,25.5,25.4,24.6
hh_with_children,fourth_quintile,1980,25.3,25.2,24.2
hh_with_children,fourth_quintile,1981,25.5,25.3,24.3
hh_with_children,fourth_quintile,1982,25.7,25.5,24.3
hh_with_children,fourth_quintile,1983,25.1,24.9,23.8
hh_with_children,fourth_quintile,1984,24.4,24.3,23.4
hh_with_children,fourth_quintile,1985,24.8,24.7,23.7
hh_with_children,fourth_quintile,1986,23.7,23.6,22.6
hh_with_children,fourth_quintile,1987,24.8,24.7,23.9
hh_with_children,fourth_quintile,1988,24.3,24.2,23.4
hh_with_children,fourth_quintile,1989,24.1,24.0,23.2
hh_with_children,fourth_quintile,1990,24.0,23.9,22.9
hh_with_children,fourth_quintile,1991,23.8,23.7,22.7
hh_with_children,fourth_quintile,1992,23.7,23.6,22.7
hh_with_children,fourth_quintile,1993,23.6,23.4,22.6
hh_with_children,fourth_quintile,1994,23.5,23.3,22.5
hh_with_children,fourth_quintile,1995,22.5,22.5,21.8
hh_with_children,fourth_quintile,1996,22.4,22.4,21.7
hh_with_children,fourth_quintile,1997,21.8,21.7,21.3
hh_with_children,fourth_quintile,1998,21.3,21.3,20.9
hh_with_children,fourth_quintile,1999,20.9,20.9,20.7
hh_with_children,fourth_quintile,2000,20.1,20.1,20.0
hh_with_children,fourth_quintile,2001,21.0,21.0,20.7
hh_with_children,fourth_quintile,2002,21.3,21.3,21.0
hh_with_children,fourth_quintile,2003,21.2,21.3,21.0
hh_with_children,fourth_quintile,2004,20.6,20.6,20.4
hh_with_children,fourth_quintile,2005,20.3,20.3,20.1
hh_with_children,fourth_quintile,2006,19.2,19.3,19.2
hh_with_children,fourth_quintile,2007,18.9,19.0,18.9
hh_with_children,fourth_quintile,2008,20.1,20.2,19.9
hh_with_children,fourth_quintile,2009,21.2,21.3,20.9
hh_with_children,fourth_quintile,2010,19.7,19.8,19.5
hh_with_children,fourth_quintile,2011,20.1,20.2,19.8
hh_with_children,fourth_quintile,2012,19.4,19.5,19.2
hh_with_children,fourth_quintile,2013,19.9,20.0,19.7
hh_with_children,fourth_quintile,2014,19.5,19.7,19.5
hh_with_children,fourth_quintile,2015,19.2,19.4,19.2
hh_with_children,highest_quintile,1979,34.7,34.2,31.5
hh_with_children,highest_quintile,1980,34.6,34.0,31.3
hh_with_children,highest_quintile,1981,34.0,33.5,31.1
hh_with_children,highest_quintile,1982,34.1,33.4,31.3
hh_with_children,highest_quintile,1983,36.5,35.8,33.5
hh_with_children,highest_quintile,1984,37.5,36.9,34.9
hh_with_children,highest_quintile,1985,37.1,36.5,34.4
hh_with_children,highest_quintile,1986,40.2,39.5,37.4
hh_with_children,highest_quintile,1987,39.3,38.7,35.7
hh_with_children,highest_quintile,1988,39.9,39.3,36.5
hh_with_children,highest_quintile,1989,40.3,39.7,36.9
hh_with_children,highest_quintile,1990,38.5,37.9,35.0
hh_with_children,highest_quintile,1991,39.1,38.4,35.1
hh_with_children,highest_quintile,1992,40.0,39.3,35.6
hh_with_children,highest_quintile,1993,40.6,39.9,35.7
hh_with_children,highest_quintile,1994,40.9,40.3,35.9
hh_with_children,highest_quintile,1995,42.4,41.7,37.1
hh_with_children,highest_quintile,1996,42.1,41.4,36.8
hh_with_children,highest_quintile,1997,43.2,42.6,38.1
hh_with_children,highest_quintile,1998,44.6,44.0,39.3
hh_with_children,highest_quintile,1999,46.2,45.6,40.8
hh_with_children,highest_quintile,2000,48.5,47.9,42.9
hh_with_children,highest_quintile,2001,46.3,45.6,40.5
hh_with_children,highest_quintile,2002,45.8,45.0,39.9
hh_with_children,highest_quintile,2003,46.7,45.9,40.6
hh_with_children,highest_quintile,2004,48.3,47.6,42.2
hh_with_children,highest_quintile,2005,49.4,48.6,43.1
hh_with_children,highest_quintile,2006,51.3,50.6,45.0
hh_with_children,highest_quintile,2007,51.4,50.6,45.2
hh_with_children,highest_quintile,2008,50.2,49.3,43.3
hh_with_children,highest_quintile,2009,48.1,46.9,40.6
hh_with_children,highest_quintile,2010,50.9,49.6,42.9
hh_with_children,highest_quintile,2011,50.5,49.4,42.8
hh_with_children,highest_quintile,2012,52.4,51.2,44.5
hh_with_children,highest_quintile,2013,51.2,50.2,43.0
hh_with_children,highest_quintile,2014,51.8,50.9,43.2
hh_with_children,highest_quintile,2015,52.5,51.7,43.8
hh_with_children,percentiles_81_90,1979,13.4,13.2,12.6
hh_with_children,percentiles_81_90,1980,13.4,13.2,12.5
hh_with_children,percentiles_81_90,1981,13.3,13.1,12.3
hh_with_children,percentiles_81_90,1982,13.2,13.0,12.3
hh_with_children,percentiles_81_90,1983,13.5,13.4,12.6
hh_with_children,percentiles_81_90,1984,13.3,13.2,12.6
hh_with_children,percentiles_81_90,1985,13.2,13.1,12.4
hh_with_children,percentiles_81_90,1986,12.7,12.6,12.0
hh_with_children,percentiles_81_90,1987,13.5,13.4,12.7
hh_with_children,percentiles_81_90,1988,13.4,13.3,12.6
hh_with_children,percentiles_81_90,1989,12.9,12.8,12.2
hh_with_children,percentiles_81_90,1990,13.3,13.1,12.4
hh_with_children,percentiles_81_90,1991,13.6,13.5,12.6
hh_with_children,percentiles_81_90,1992,13.5,13.4,12.5
hh_with_children,percentiles_81_90,1993,13.6,13.4,12.6
hh_with_children,percentiles_81_90,1994,13.5,13.4,12.6
hh_with_children,percentiles_81_90,1995,13.4,13.3,12.6
hh_with_children,percentiles_81_90,1996,12.8,12.7,12.0
hh_with_children,percentiles_81_90,1997,12.4,12.4,11.7
hh_with_children,percentiles_81_90,1998,12.7,12.6,11.9
hh_with_children,percentiles_81_90,1999,12.7,12.6,12.0
hh_with_children,percentiles_81_90,2000,12.7,12.6,12.0
hh_with_children,percentiles_81_90,2001,13.4,13.3,12.6
hh_with_children,percentiles_81_90,2002,13.6,13.4,12.7
hh_with_children,percentiles_81_90,2003,13.4,13.3,12.5
hh_with_children,percentiles_81_90,2004,13.2,13.1,12.4
hh_with_children,percentiles_81_90,2005,12.8,12.7,12.1
hh_with_children,percentiles_81_90,2006,12.6,12.5,11.9
hh_with_children,percentiles_81_90,2007,12.0,12.0,11.4
hh_with_children,percentiles_81_90,2008,12.9,12.8,12.0
hh_with_children,percentiles_81_90,2009,13.8,13.6,12.5
hh_with_children,percentiles_81_90,2010,13.4,13.2,12.2
hh_with_children,percentiles_81_90,2011,13.6,13.4,12.5
hh_with_children,percentiles_81_90,2012,12.7,12.6,11.7
hh_with_children,percentiles_81_90,2013,13.1,13.0,12.0
hh_with_children,percentiles_81_90,2014,12.7,12.6,11.7
hh_with_children,percentiles_81_90,2015,12.2,12.2,11.3
hh_with_children,percentiles_91_95,1979,7.0,7.0,6.5
hh_with_children,percentiles_91_95,1980,6.9,6.8,6.4
hh_with_children,percentiles_91_95,1981,6.8,6.7,6.3
hh_with_children,percentiles_91_95,1982,6.8,6.6,6.3
hh_with_children,percentiles_91_95,1983,6.8,6.6,6.3
hh_with_children,percentiles_91_95,1984,7.2,7.1,6.8
hh_with_children,percentiles_91_95,1985,7.4,7.3,7.0
hh_with_children,percentiles_91_95,1986,7.1,7.0,6.7
hh_with_children,percentiles_91_95,1987,7.3,7.2,6.8
hh_with_children,percentiles_91_95,1988,7.1,7.0,6.6
hh_with_children,percentiles_91_95,1989,7.6,7.5,7.1
hh_with_children,percentiles_91_95,1990,7.2,7.1,6.6
hh_with_children,percentiles_91_95,1991,7.6,7.5,6.9
hh_with_children,percentiles_91_95,1992,7.7,7.6,7.0
hh_with_children,percentiles_91_95,1993,7.6,7.5,7.0
hh_with_children,percentiles_91_95,1994,8.1,8.0,7.4
hh_with_children,percentiles_91_95,1995,7.7,7.6,7.1
hh_with_children,percentiles_91_95,1996,7.7,7.6,7.0
hh_with_children,percentiles_91_95,1997,8.0,7.9,7.4
hh_with_children,percentiles_91_95,1998,7.7,7.6,7.1
hh_with_children,percentiles_91_95,1999,7.8,7.7,7.2
hh_with_children,percentiles_91_95,2000,8.0,7.9,7.4
hh_with_children,percentiles_91_95,2001,8.0,7.9,7.2
hh_with_children,percentiles_91_95,2002,8.5,8.4,7.7
hh_with_children,percentiles_91_95,2003,8.6,8.4,7.8
hh_with_children,percentiles_91_95,2004,8.4,8.3,7.6
hh_with_children,percentiles_91_95,2005,8.2,8.0,7.4
hh_with_children,percentiles_91_95,2006,8.1,8.0,7.4
hh_with_children,percentiles_91_95,2007,7.7,7.6,7.0
hh_with_children,percentiles_91_95,2008,8.4,8.3,7.5
hh_with_children,percentiles_91_95,2009,8.6,8.4,7.5
hh_with_children,percentiles_91_95,2010,8.5,8.3,7.5
hh_with_children,percentiles_91_95,2011,8.7,8.5,7.7
hh_with_children,percentiles_91_95,2012,8.2,8.1,7.3
hh_with_children,percentiles_91_95,2013,8.8,8.7,7.8
hh_with_children,percentiles_91_95,2014,8.5,8.3,7.4
hh_with_children,percentiles_91_95,2015,8.6,8.5,7.6
hh_with_children,percentiles_96_99,1979,8.4,8.2,7.5
hh_with_children,percentiles_96_99,1980,8.1,8.0,7.2
hh_with_children,percentiles_96_99,1981,7.5,7.4,6.8
hh_with_children,percentiles_96_99,1982,7.8,7.6,7.1
hh_with_children,percentiles_96_99,1983,8.3,8.1,7.6
hh_with_children,percentiles_96_99,1984,8.5,8.4,7.9
hh_with_children,percentiles_96_99,1985,8.5,8.3,7.9
hh_with_children,percentiles_96_99,1986,9.1,8.9,8.5
hh_with_children,percentiles_96_99,1987,9.3,9.1,8.5
hh_with_children,percentiles_96_99,1988,9.3,9.1,8.5
hh_with_children,percentiles_96_99,1989,9.4,9.2,8.6
hh_with_children,percentiles_96_99,1990,9.6,9.4,8.7
hh_with_children,percentiles_96_99,1991,9.1,8.9,8.1
hh_with_children,percentiles_96_99,1992,9.5,9.3,8.4
hh_with_children,percentiles_96_99,1993,10.0,9.7,8.7
hh_with_children,percentiles_96_99,1994,9.8,9.6,8.6
hh_with_children,percentiles_96_99,1995,10.3,10.1,9.1
hh_with_children,percentiles_96_99,1996,10.2,10.0,8.9
hh_with_children,percentiles_96_99,1997,10.7,10.5,9.3
hh_with_children,percentiles_96_99,1998,10.8,10.6,9.4
hh_with_children,percentiles_96_99,1999,10.7,10.5,9.3
hh_with_children,percentiles_96_99,2000,10.9,10.7,9.5
hh_with_children,percentiles_96_99,2001,10.7,10.5,9.3
hh_with_children,percentiles_96_99,2002,10.8,10.6,9.3
hh_with_children,percentiles_96_99,2003,10.9,10.6,9.3
hh_with_children,percentiles_96_99,2004,11.3,11.0,9.7
hh_with_children,percentiles_96_99,2005,11.9,11.7,10.2
hh_with_children,percentiles_96_99,2006,11.2,11.0,9.7
hh_with_children,percentiles_96_99,2007,11.1,10.9,9.6
hh_with_children,percentiles_96_99,2008,11.4,11.2,9.6
hh_with_children,percentiles_96_99,2009,11.4,11.1,9.4
hh_with_children,percentiles_96_99,2010,11.3,11.0,9.3
hh_with_children,percentiles_96_99,2011,11.9,11.6,9.9
hh_with_children,percentiles_96_99,2012,12.1,11.8,10.1
hh_with_children,percentiles_96_99,2013,12.0,11.8,10.1
hh_with_children,percentiles_96_99,2014,12.1,11.8,10.0
hh_with_children,percentiles_96_99,2015,12.4,12.2,10.3
hh_with_children,top_1_percent,1979,5.9,5.8,4.9
hh_with_children,top_1_percent,1980,6.1,6.0,5.2
hh_with_children,top_1_percent,1981,6.4,6.3,5.7
hh_with_children,top_1_percent,1982,6.3,6.1,5.7
hh_with_children,top_1_percent,1983,7.9,7.7,6.9
hh_with_children,top_1_percent,1984,8.4,8.3,7.6
hh_with_children,top_1_percent,1985,7.9,7.7,7.2
hh_with_children,top_1_percent,1986,11.3,11.0,10.3
hh_with_children,top_1_percent,1987,9.2,9.0,7.8
hh_with_children,top_1_percent,1988,10.1,9.8,8.8
hh_with_children,top_1_percent,1989,10.4,10.2,9.1
hh_with_children,top_1_percent,1990,8.5,8.3,7.4
hh_with_children,top_1_percent,1991,8.8,8.5,7.4
hh_with_children,top_1_percent,1992,9.2,9.0,7.7
hh_with_children,top_1_percent,1993,9.4,9.2,7.4
hh_with_children,top_1_percent,1994,9.5,9.2,7.3
hh_with_children,top_1_percent,1995,10.9,10.6,8.4
hh_with_children,top_1_percent,1996,11.4,11.1,8.9
hh_with_children,top_1_percent,1997,12.1,11.8,9.7
hh_with_children,top_1_percent,1998,13.5,13.2,10.9
hh_with_children,top_1_percent,1999,15.0,14.7,12.2
hh_with_children,top_1_percent,2000,17.0,16.7,14.0
hh_with_children,top_1_percent,2001,14.1,13.8,11.4
hh_with_children,top_1_percent,2002,12.9,12.6,10.2
hh_with_children,top_1_percent,2003,13.9,13.5,11.1
hh_with_children,top_1_percent,2004,15.5,15.1,12.5
hh_with_children,top_1_percent,2005,16.5,16.2,13.4
hh_with_children,top_1_percent,2006,19.5,19.1,16.0
hh_with_children,top_1_percent,2007,20.5,20.1,17.2
hh_with_children,top_1_percent,2008,17.4,17.0,14.2
hh_with_children,top_1_percent,2009,14.4,13.9,11.2
hh_with_children,top_1_percent,2010,17.7,17.1,13.9
hh_with_children,top_1_percent,2011,16.3,15.8,12.8
hh_with_children,top_1_percent,2012,19.4,18.8,15.5
hh_with_children,top_1_percent,2013,17.3,16.8,13.1
hh_with_children,top_1_percent,2014,18.6,18.1,14.1
hh_with_children,top_1_percent,2015,19.3,18.8,14.6
elderly_headed_hh,all_quintiles,1979,100.0,100.0,100.0
elderly_headed_hh,all_quintiles,1980,100.0,100.0,100.0
elderly_headed_hh,all_quintiles,1981,100.0,100.0,100.0
elderly_headed_hh,all_quintiles,1982,100.0,100.0,100.0
elderly_headed_hh,all_quintiles,1983,100.0,100.0,100.0
elderly_headed_hh,all_quintiles,1984,100.0,100.0,100.0
elderly_headed_hh,all_quintiles,1985,100.0,100.0,100.0
elderly_headed_hh,all_quintiles,1986,100.0,100.0,100.0
elderly_headed_hh,all_quintiles,1987,100.0,100.0,100.0
elderly_headed_hh,all_quintiles,1988,100.0,100.0,100.0
elderly_headed_hh,all_quintiles,1989,100.0,100.0,100.0
elderly_headed_hh,all_quintiles,1990,100.0,100.0,100.0
elderly_headed_hh,all_quintiles,1991,100.0,100.0,100.0
elderly_headed_hh,all_quintiles,1992,100.0,100.0,100.0
elderly_headed_hh,all_quintiles,1993,100.0,100.0,100.0
elderly_headed_hh,all_quintiles,1994,100.0,100.0,100.0
elderly_headed_hh,all_quintiles,1995,100.0,100.0,100.0
elderly_headed_hh,all_quintiles,1996,100.0,100.0,100.0
elderly_headed_hh,all_quintiles,1997,100.0,100.0,100.0
elderly_headed_hh,all_quintiles,1998,100.0,100.0,100.0
elderly_headed_hh,all_quintiles,1999,100.0,100.0,100.0
elderly_headed_hh,all_quintiles,2000,100.0,100.0,100.0
elderly_headed_hh,all_quintiles,2001,100.0,100.0,100.0
elderly_headed_hh,all_quintiles,2002,100.0,100.0,100.0
elderly_headed_hh,all_quintiles,2003,100.0,100.0,100.0
elderly_headed_hh,all_quintiles,2004,100.0,100.0,100.0
elderly_headed_hh,all_quintiles,2005,100.0,100.0,100.0
elderly_headed_hh,all_quintiles,2006,100.0,100.0,100.0
elderly_headed_hh,all_quintiles,2007,100.0,100.0,100.0
elderly_headed_hh,all_quintiles,2008,100.0,100.0,100.0
elderly_headed_hh,all_quintiles,2009,100.0,100.0,100.0
elderly_headed_hh,all_quintiles,2010,100.0,100.0,100.0
elderly_headed_hh,all_quintiles,2011,100.0,100.0,100.0
elderly_headed_hh,all_quintiles,2012,100.0,100.0,100.0
elderly_headed_hh,all_quintiles,2013,100.0,100.0,100.0
elderly_headed_hh,all_quintiles,2014,100.0,100.0,100.0
elderly_headed_hh,all_quintiles,2015,100.0,100.0,100.0
elderly_headed_hh,lowest_quintile,1979,2.2,9.0,11.4
elderly_headed_hh,lowest_quintile,1980,1.6,7.7,9.9
elderly_headed_hh,lowest_quintile,1981,1.1,6.0,7.7
elderly_headed_hh,lowest_quintile,1982,0.7,4.4,5.4
elderly_headed_hh,lowest_quintile,1983,0.6,3.2,4.0
elderly_headed_hh,lowest_quintile,1984,0.6,3.5,4.4
elderly_headed_hh,lowest_quintile,1985,0.5,3.2,4.0
elderly_headed_hh,lowest_quintile,1986,0.4,2.8,3.5
elderly_headed_hh,lowest_quintile,1987,0.6,3.1,3.8
elderly_headed_hh,lowest_quintile,1988,0.6,3.2,3.9
elderly_headed_hh,lowest_quintile,1989,0.6,3.3,4.1
elderly_headed_hh,lowest_quintile,1990,0.7,3.5,4.2
elderly_headed_hh,lowest_quintile,1991,0.7,3.3,3.9
elderly_headed_hh,lowest_quintile,1992,0.5,3.0,3.6
elderly_headed_hh,lowest_quintile,1993,0.5,2.9,3.4
elderly_headed_hh,lowest_quintile,1994,0.5,3.1,3.8
elderly_headed_hh,lowest_quintile,1995,0.6,3.1,3.8
elderly_headed_hh,lowest_quintile,1996,0.4,2.5,3.1
elderly_headed_hh,lowest_quintile,1997,0.4,2.6,3.2
elderly_headed_hh,lowest_quintile,1998,0.5,2.6,3.3
elderly_headed_hh,lowest_quintile,1999,0.5,3.1,3.8
elderly_headed_hh,lowest_quintile,2000,0.6,3.1,3.8
elderly_headed_hh,lowest_quintile,2001,0.5,3.4,4.0
elderly_headed_hh,lowest_quintile,2002,0.5,3.4,4.0
elderly_headed_hh,lowest_quintile,2003,0.6,3.6,4.1
elderly_headed_hh,lowest_quintile,2004,0.5,3.5,4.1
elderly_headed_hh,lowest_quintile,2005,0.4,3.2,3.9
elderly_headed_hh,lowest_quintile,2006,0.4,2.4,2.9
elderly_headed_hh,lowest_quintile,2007,0.4,2.6,3.1
elderly_headed_hh,lowest_quintile,2008,0.5,3.1,3.7
elderly_headed_hh,lowest_quintile,2009,0.5,2.8,3.3
elderly_headed_hh,lowest_quintile,2010,0.4,2.5,3.0
elderly_headed_hh,lowest_quintile,2011,0.5,2.9,3.4
elderly_headed_hh,lowest_quintile,2012,0.4,2.3,2.9
elderly_headed_hh,lowest_quintile,2013,0.5,2.7,3.4
elderly_headed_hh,lowest_quintile,2014,0.5,2.8,3.6
elderly_headed_hh,lowest_quintile,2015,0.6,3.3,4.2
elderly_headed_hh,second_quintile,1979,5.7,11.8,14.1
elderly_headed_hh,second_quintile,1980,4.8,11.7,14.1
elderly_headed_hh,second_quintile,1981,3.9,10.8,13.2
elderly_headed_hh,second_quintile,1982,3.2,10.3,12.3
elderly_headed_hh,second_quintile,1983,2.8,9.8,11.8
elderly_headed_hh,second_quintile,1984,3.1,9.7,11.7
elderly_headed_hh,second_quintile,1985,2.6,9.2,11.3
elderly_headed_hh,second_quintile,1986,2.6,8.9,10.9
elderly_headed_hh,second_quintile,1987,3.3,10.7,13.1
elderly_headed_hh,second_quintile,1988,3.7,10.8,13.3
elderly_headed_hh,second_quintile,1989,3.7,10.5,12.8
elderly_headed_hh,second_quintile,1990,3.4,10.0,12.1
elderly_headed_hh,second_quintile,1991,3.2,10.0,12.1
elderly_headed_hh,second_quintile,1992,3.0,9.7,11.8
elderly_headed_hh,second_quintile,1993,3.0,9.9,12.0
elderly_headed_hh,second_quintile,1994,2.8,10.2,12.4
elderly_headed_hh,second_quintile,1995,2.7,9.7,11.9
elderly_headed_hh,second_quintile,1996,2.3,8.4,10.4
elderly_headed_hh,second_quintile,1997,2.0,7.7,9.5
elderly_headed_hh,second_quintile,1998,2.2,7.6,9.4
elderly_headed_hh,second_quintile,1999,2.6,7.6,9.6
elderly_headed_hh,second_quintile,2000,3.0,7.5,9.3
elderly_headed_hh,second_quintile,2001,2.8,8.4,10.3
elderly_headed_hh,second_quintile,2002,3.0,8.8,10.5
elderly_headed_hh,second_quintile,2003,2.8,8.9,10.7
elderly_headed_hh,second_quintile,2004,2.7,8.2,9.9
elderly_headed_hh,second_quintile,2005,2.4,7.6,9.4
elderly_headed_hh,second_quintile,2006,2.1,7.3,8.9
elderly_headed_hh,second_quintile,2007,2.3,6.6,8.1
elderly_headed_hh,second_quintile,2008,2.5,7.5,9.1
elderly_headed_hh,second_quintile,2009,2.6,7.9,9.3
elderly_headed_hh,second_quintile,2010,2.4,7.2,8.6
elderly_headed_hh,second_quintile,2011,2.3,7.3,8.8
elderly_headed_hh,second_quintile,2012,2.1,6.9,8.4
elderly_headed_hh,second_quintile,2013,2.2,6.8,8.3
elderly_headed_hh,second_quintile,2014,2.3,6.9,8.7
elderly_headed_hh,second_quintile,2015,2.4,7.0,8.8
elderly_headed_hh,middle_quintile,1979,10.5,12.7,14.0
elderly_headed_hh,middle_quintile,1980,9.2,11.7,12.8
elderly_headed_hh,middle_quintile,1981,8.3,11.2,12.3
elderly_headed_hh,middle_quintile,1982,8.0,11.5,12.7
elderly_headed_hh,middle_quintile,1983,8.1,12.4,13.6
elderly_headed_hh,middle_quintile,1984,8.5,12.0,13.2
elderly_headed_hh,middle_quintile,1985,8.1,11.7,12.9
elderly_headed_hh,middle_quintile,1986,8.5,12.3,13.6
elderly_headed_hh,middle_quintile,1987,10.6,14.8,16.3
elderly_headed_hh,middle_quintile,1988,9.9,13.5,14.8
elderly_headed_hh,middle_quintile,1989,9.7,13.3,14.6
elderly_headed_hh,middle_quintile,1990,10.0,13.7,15.2
elderly_headed_hh,middle_quintile,1991,10.2,14.4,15.7
elderly_headed_hh,middle_quintile,1992,9.4,14.3,16.1
elderly_headed_hh,middle_quintile,1993,9.3,14.2,16.1
elderly_headed_hh,middle_quintile,1994,9.5,14.3,16.2
elderly_headed_hh,middle_quintile,1995,9.1,13.6,15.4
elderly_headed_hh,middle_quintile,1996,7.7,12.4,14.3
elderly_headed_hh,middle_quintile,1997,7.3,11.7,13.5
elderly_headed_hh,middle_quintile,1998,8.0,12.5,14.3
elderly_headed_hh,middle_quintile,1999,8.7,12.8,14.6
elderly_headed_hh,middle_quintile,2000,9.3,13.2,15.0
elderly_headed_hh,middle_quintile,2001,9.5,13.5,15.3
elderly_headed_hh,middle_quintile,2002,9.4,14.0,15.8
elderly_headed_hh,middle_quintile,2003,9.4,14.3,16.3
elderly_headed_hh,middle_quintile,2004,8.7,13.4,15.4
elderly_headed_hh,middle_quintile,2005,7.7,12.1,14.0
elderly_headed_hh,middle_quintile,2006,7.5,12.2,14.1
elderly_headed_hh,middle_quintile,2007,6.9,10.7,12.2
elderly_headed_hh,middle_quintile,2008,8.0,12.6,14.3
elderly_headed_hh,middle_quintile,2009,8.6,13.6,15.4
elderly_headed_hh,middle_quintile,2010,8.1,13.2,15.1
elderly_headed_hh,middle_quintile,2011,8.0,13.1,15.0
elderly_headed_hh,middle_quintile,2012,7.1,12.1,14.0
elderly_headed_hh,middle_quintile,2013,7.4,11.9,13.8
elderly_headed_hh,middle_quintile,2014,6.9,11.1,12.9
elderly_headed_hh,middle_quintile,2015,7.5,11.6,13.4
elderly_headed_hh,fourth_quintile,1979,15.6,15.6,16.2
elderly_headed_hh,fourth_quintile,1980,16.3,16.6,17.3
elderly_headed_hh,fourth_quintile,1981,16.7,17.6,18.3
elderly_headed_hh,fourth_quintile,1982,17.2,18.6,19.4
elderly_headed_hh,fourth_quintile,1983,17.6,19.4,20.1
elderly_headed_hh,fourth_quintile,1984,18.8,20.1,20.9
elderly_headed_hh,fourth_quintile,1985,17.6,19.4,20.2
elderly_headed_hh,fourth_quintile,1986,16.7,18.9,19.7
elderly_headed_hh,fourth_quintile,1987,19.9,21.0,21.7
elderly_headed_hh,fourth_quintile,1988,18.6,20.2,21.0
elderly_headed_hh,fourth_quintile,1989,19.2,20.5,21.2
elderly_headed_hh,fourth_quintile,1990,18.9,20.4,21.1
elderly_headed_hh,fourth_quintile,1991,20.9,22.5,23.2
elderly_headed_hh,fourth_quintile,1992,19.7,21.5,22.3
elderly_headed_hh,fourth_quintile,1993,19.7,21.9,22.9
elderly_headed_hh,fourth_quintile,1994,20.2,21.8,22.8
elderly_headed_hh,fourth_quintile,1995,19.8,21.7,22.9
elderly_headed_hh,fourth_quintile,1996,18.2,20.9,22.4
elderly_headed_hh,fourth_quintile,1997,18.1,21.0,22.5
elderly_headed_hh,fourth_quintile,1998,17.8,20.3,21.6
elderly_headed_hh,fourth_quintile,1999,17.7,20.0,21.2
elderly_headed_hh,fourth_quintile,2000,18.0,20.4,21.6
elderly_headed_hh,fourth_quintile,2001,20.0,22.0,23.1
elderly_headed_hh,fourth_quintile,2002,20.5,22.9,24.2
elderly_headed_hh,fourth_quintile,2003,19.6,21.8,23.0
elderly_headed_hh,fourth_quintile,2004,18.1,20.7,22.0
elderly_headed_hh,fourth_quintile,2005,16.9,19.7,21.0
elderly_headed_hh,fourth_quintile,2006,16.7,19.9,21.3
elderly_headed_hh,fourth_quintile,2007,15.8,19.2,20.6
elderly_headed_hh,fourth_quintile,2008,18.9,21.6,22.9
elderly_headed_hh,fourth_quintile,2009,19.9,22.8,24.1
elderly_headed_hh,fourth_quintile,2010,18.8,22.3,23.7
elderly_headed_hh,fourth_quintile,2011,19.1,22.3,23.7
elderly_headed_hh,fourth_quintile,2012,17.0,20.9,22.4
elderly_headed_hh,fourth_quintile,2013,18.3,21.7,23.3
elderly_headed_hh,fourth_quintile,2014,17.0,20.3,21.9
elderly_headed_hh,fourth_quintile,2015,16.8,20.0,21.6
elderly_headed_hh,highest_quintile,1979,66.3,51.0,44.5
elderly_headed_hh,highest_quintile,1980,68.3,52.4,46.1
elderly_headed_hh,highest_quintile,1981,70.3,54.5,48.7
elderly_headed_hh,highest_quintile,1982,71.2,55.4,50.4
elderly_headed_hh,highest_quintile,1983,71.3,55.4,50.7
elderly_headed_hh,highest_quintile,1984,69.7,55.1,50.2
elderly_headed_hh,highest_quintile,1985,71.6,56.8,51.9
elderly_headed_hh,highest_quintile,1986,72.3,57.4,52.8
elderly_headed_hh,highest_quintile,1987,66.3,50.8,45.6
elderly_headed_hh,highest_quintile,1988,68.1,52.9,47.7
elderly_headed_hh,highest_quintile,1989,67.7,52.9,47.9
elderly_headed_hh,highest_quintile,1990,67.8,52.9,48.0
elderly_headed_hh,highest_quintile,1991,66.2,50.5,45.8
elderly_headed_hh,highest_quintile,1992,68.7,52.2,47.2
elderly_headed_hh,highest_quintile,1993,68.8,51.7,46.5
elderly_headed_hh,highest_quintile,1994,68.5,51.3,45.8
elderly_headed_hh,highest_quintile,1995,69.3,52.7,47.1
elderly_headed_hh,highest_quintile,1996,73.1,56.8,51.1
elderly_headed_hh,highest_quintile,1997,73.7,58.0,52.4
elderly_headed_hh,highest_quintile,1998,73.1,58.0,52.6
elderly_headed_hh,highest_quintile,1999,71.9,57.3,51.8
elderly_headed_hh,highest_quintile,2000,70.5,56.6,51.3
elderly_headed_hh,highest_quintile,2001,68.9,53.6,48.4
elderly_headed_hh,highest_quintile,2002,68.6,52.0,46.8
elderly_headed_hh,highest_quintile,2003,69.6,52.5,47.2
elderly_headed_hh,highest_quintile,2004,72.0,55.4,49.9
elderly_headed_hh,highest_quintile,2005,74.0,58.1,52.7
elderly_headed_hh,highest_quintile,2006,74.8,59.1,53.9
elderly_headed_hh,highest_quintile,2007,76.0,61.8,57.1
elderly_headed_hh,highest_quintile,2008,72.5,56.6,51.6
elderly_headed_hh,highest_quintile,2009,72.8,55.3,50.7
elderly_headed_hh,highest_quintile,2010,73.6,56.6,51.8
elderly_headed_hh,highest_quintile,2011,73.4,56.3,51.4
elderly_headed_hh,highest_quintile,2012,76.5,59.7,54.6
elderly_headed_hh,highest_quintile,2013,75.0,58.9,53.5
elderly_headed_hh,highest_quintile,2014,76.4,60.7,55.1
elderly_headed_hh,highest_quintile,2015,75.9,60.1,54.5
elderly_headed_hh,percentiles_81_90,1979,12.9,11.3,11.1
elderly_headed_hh,percentiles_81_90,1980,13.2,11.7,11.5
elderly_headed_hh,percentiles_81_90,1981,14.0,12.7,12.6
elderly_headed_hh,percentiles_81_90,1982,14.9,13.8,13.7
elderly_headed_hh,percentiles_81_90,1983,15.1,13.9,13.8
elderly_headed_hh,percentiles_81_90,1984,15.1,14.1,13.9
elderly_headed_hh,percentiles_81_90,1985,15.1,14.3,14.3
elderly_headed_hh,percentiles_81_90,1986,13.8,13.4,13.4
elderly_headed_hh,percentiles_81_90,1987,14.4,12.9,12.7
elderly_headed_hh,percentiles_81_90,1988,14.1,12.9,12.7
elderly_headed_hh,percentiles_81_90,1989,14.8,13.5,13.3
elderly_headed_hh,percentiles_81_90,1990,15.1,13.9,13.7
elderly_headed_hh,percentiles_81_90,1991,15.5,14.1,13.8
elderly_headed_hh,percentiles_81_90,1992,16.5,15.0,14.7
elderly_headed_hh,percentiles_81_90,1993,15.5,14.0,13.9
elderly_headed_hh,percentiles_81_90,1994,15.2,13.6,13.4
elderly_headed_hh,percentiles_81_90,1995,16.5,14.9,14.7
elderly_headed_hh,percentiles_81_90,1996,16.1,15.2,15.2
elderly_headed_hh,percentiles_81_90,1997,15.6,14.9,15.0
elderly_headed_hh,percentiles_81_90,1998,14.8,14.2,14.2
elderly_headed_hh,percentiles_81_90,1999,13.7,13.1,13.1
elderly_headed_hh,percentiles_81_90,2000,14.2,13.6,13.5
elderly_headed_hh,percentiles_81_90,2001,15.2,14.1,14.0
elderly_headed_hh,percentiles_81_90,2002,15.4,14.1,14.0
elderly_headed_hh,percentiles_81_90,2003,14.7,13.4,13.3
elderly_headed_hh,percentiles_81_90,2004,13.9,13.1,13.1
elderly_headed_hh,percentiles_81_90,2005,14.0,13.4,13.5
elderly_headed_hh,percentiles_81_90,2006,13.7,13.4,13.6
elderly_headed_hh,percentiles_81_90,2007,13.1,13.4,13.7
elderly_headed_hh,percentiles_81_90,2008,14.6,14.1,14.1
elderly_headed_hh,percentiles_81_90,2009,16.4,15.6,15.6
elderly_headed_hh,percentiles_81_90,2010,16.1,15.3,15.4
elderly_headed_hh,percentiles_81_90,2011,15.7,14.9,15.0
elderly_headed_hh,percentiles_81_90,2012,14.9,14.5,14.7
elderly_headed_hh,percentiles_81_90,2013,17.0,16.3,16.5
elderly_headed_hh,percentiles_81_90,2014,16.0,15.6,15.9
elderly_headed_hh,percentiles_81_90,2015,16.4,15.9,16.1
elderly_headed_hh,percentiles_91_95,1979,10.3,8.5,8.1
elderly_headed_hh,percentiles_91_95,1980,11.9,9.8,9.2
elderly_headed_hh,percentiles_91_95,1981,12.3,10.2,9.7
elderly_headed_hh,percentiles_91_95,1982,11.5,9.6,9.2
elderly_headed_hh,percentiles_91_95,1983,13.1,11.0,10.5
elderly_headed_hh,percentiles_91_95,1984,12.8,10.9,10.3
elderly_headed_hh,percentiles_91_95,1985,11.8,10.2,9.6
elderly_headed_hh,percentiles_91_95,1986,10.6,9.2,8.8
elderly_headed_hh,percentiles_91_95,1987,10.9,9.0,8.4
elderly_headed_hh,percentiles_91_95,1988,11.0,9.3,8.8
elderly_headed_hh,percentiles_91_95,1989,11.1,9.3,8.8
elderly_headed_hh,percentiles_91_95,1990,12.3,10.3,9.7
elderly_headed_hh,percentiles_91_95,1991,12.1,9.8,9.2
elderly_headed_hh,percentiles_91_95,1992,11.8,9.6,9.0
elderly_headed_hh,percentiles_91_95,1993,13.0,10.5,9.9
elderly_headed_hh,percentiles_91_95,1994,11.7,9.4,8.8
elderly_headed_hh,percentiles_91_95,1995,12.0,9.9,9.3
elderly_headed_hh,percentiles_91_95,1996,12.0,10.1,9.6
elderly_headed_hh,percentiles_91_95,1997,11.7,10.0,9.5
elderly_headed_hh,percentiles_91_95,1998,11.8,10.2,9.8
elderly_headed_hh,percentiles_91_95,1999,11.4,9.8,9.3
elderly_headed_hh,percentiles_91_95,2000,10.7,9.3,8.8
elderly_headed_hh,percentiles_91_95,2001,11.5,9.7,9.1
elderly_headed_hh,percentiles_91_95,2002,11.3,9.3,8.9
elderly_headed_hh,percentiles_91_95,2003,11.4,9.4,9.0
elderly_headed_hh,percentiles_91_95,2004,10.8,9.2,8.8
elderly_headed_hh,percentiles_91_95,2005,11.2,9.7,9.3
elderly_headed_hh,percentiles_91_95,2006,11.5,9.9,9.6
elderly_headed_hh,percentiles_91_95,2007,11.4,10.3,10.0
elderly_headed_hh,percentiles_91_95,2008,11.5,9.8,9.4
elderly_headed_hh,percentiles_91_95,2009,12.7,10.6,10.2
elderly_headed_hh,percentiles_91_95,2010,13.2,11.0,10.6
elderly_headed_hh,percentiles_91_95,2011,12.4,10.3,9.9
elderly_headed_hh,percentiles_91_95,2012,12.3,10.6,10.3
elderly_headed_hh,percentiles_91_95,2013,13.1,11.1,10.8
elderly_headed_hh,percentiles_91_95,2014,12.7,11.0,10.7
elderly_headed_hh,percentiles_91_95,2015,12.3,10.5,10.2
elderly_headed_hh,percentiles_96_99,1979,17.9,13.6,12.0
elderly_headed_hh,percentiles_96_99,1980,19.6,14.8,13.0
elderly_headed_hh,percentiles_96_99,1981,21.3,16.1,14.2
elderly_headed_hh,percentiles_96_99,1982,20.6,15.7,14.1
elderly_headed_hh,percentiles_96_99,1983,18.8,14.3,12.9
elderly_headed_hh,percentiles_96_99,1984,17.3,13.4,12.0
elderly_headed_hh,percentiles_96_99,1985,18.1,14.0,12.6
elderly_headed_hh,percentiles_96_99,1986,17.3,13.5,12.2
elderly_headed_hh,percentiles_96_99,1987,17.8,13.3,11.6
elderly_headed_hh,percentiles_96_99,1988,17.0,13.0,11.6
elderly_headed_hh,percentiles_96_99,1989,18.1,13.7,12.2
elderly_headed_hh,percentiles_96_99,1990,17.6,13.2,11.8
elderly_headed_hh,percentiles_96_99,1991,18.3,13.4,11.8
elderly_headed_hh,percentiles_96_99,1992,18.4,13.4,11.9
elderly_headed_hh,percentiles_96_99,1993,17.5,12.8,11.3
elderly_headed_hh,percentiles_96_99,1994,18.1,13.3,11.9
elderly_headed_hh,percentiles_96_99,1995,17.9,13.2,11.7
elderly_headed_hh,percentiles_96_99,1996,18.1,13.9,12.5
elderly_headed_hh,percentiles_96_99,1997,18.8,14.5,13.0
elderly_headed_hh,percentiles_96_99,1998,18.1,14.1,12.8
elderly_headed_hh,percentiles_96_99,1999,17.4,13.7,12.4
elderly_headed_hh,percentiles_96_99,2000,18.0,14.3,12.9
elderly_headed_hh,percentiles_96_99,2001,16.9,13.0,11.7
elderly_headed_hh,percentiles_96_99,2002,16.5,12.2,10.9
elderly_headed_hh,percentiles_96_99,2003,16.6,12.2,10.9
elderly_headed_hh,percentiles_96_99,2004,16.2,12.3,11.1
elderly_headed_hh,percentiles_96_99,2005,17.0,13.2,11.9
elderly_headed_hh,percentiles_96_99,2006,18.3,14.2,12.9
elderly_headed_hh,percentiles_96_99,2007,17.8,14.3,13.0
elderly_headed_hh,percentiles_96_99,2008,17.4,13.3,12.0
elderly_headed_hh,percentiles_96_99,2009,17.2,12.7,11.5
elderly_headed_hh,percentiles_96_99,2010,17.5,12.9,11.7
elderly_headed_hh,percentiles_96_99,2011,17.2,12.8,11.6
elderly_headed_hh,percentiles_96_99,2012,17.3,13.1,11.9
elderly_headed_hh,percentiles_96_99,2013,18.4,13.8,12.5
elderly_headed_hh,percentiles_96_99,2014,18.8,14.4,13.1
elderly_headed_hh,percentiles_96_99,2015,18.2,13.9,12.6
elderly_headed_hh,top_1_percent,1979,25.2,17.6,13.3
elderly_headed_hh,top_1_percent,1980,23.6,16.1,12.4
elderly_headed_hh,top_1_percent,1981,22.7,15.5,12.3
elderly_headed_hh,top_1_percent,1982,24.2,16.3,13.5
elderly_headed_hh,top_1_percent,1983,24.3,16.2,13.5
elderly_headed_hh,top_1_percent,1984,24.5,16.8,14.0
elderly_headed_hh,top_1_percent,1985,26.6,18.3,15.4
elderly_headed_hh,top_1_percent,1986,30.5,21.3,18.4
elderly_headed_hh,top_1_percent,1987,23.3,15.7,12.8
elderly_headed_hh,top_1_percent,1988,26.0,17.8,14.7
elderly_headed_hh,top_1_percent,1989,23.7,16.3,13.6
elderly_headed_hh,top_1_percent,1990,22.8,15.4,12.8
elderly_headed_hh,top_1_percent,1991,20.3,13.2,10.9
elderly_headed_hh,top_1_percent,1992,22.0,14.3,11.6
elderly_headed_hh,top_1_percent,1993,22.8,14.5,11.4
elderly_headed_hh,top_1_percent,1994,23.6,14.9,11.7
elderly_headed_hh,top_1_percent,1995,22.9,14.7,11.4
elderly_headed_hh,top_1_percent,1996,26.9,17.7,13.9
elderly_headed_hh,top_1_percent,1997,27.7,18.6,14.9
elderly_headed_hh,top_1_percent,1998,28.4,19.4,16.0
elderly_headed_hh,top_1_percent,1999,29.4,20.6,17.0
elderly_headed_hh,top_1_percent,2000,27.5,19.4,16.0
elderly_headed_hh,top_1_percent,2001,25.2,16.9,13.6
elderly_headed_hh,top_1_percent,2002,25.5,16.4,13.1
elderly_headed_hh,top_1_percent,2003,26.8,17.4,14.0
elderly_headed_hh,top_1_percent,2004,31.1,20.8,17.0
elderly_headed_hh,top_1_percent,2005,31.8,21.9,18.0
elderly_headed_hh,top_1_percent,2006,31.2,21.5,17.9
elderly_headed_hh,top_1_percent,2007,33.7,23.9,20.4
elderly_headed_hh,top_1_percent,2008,29.0,19.4,16.1
elderly_headed_hh,top_1_percent,2009,26.4,16.4,13.3
elderly_headed_hh,top_1_percent,2010,26.8,17.3,14.1
elderly_headed_hh,top_1_percent,2011,28.0,18.3,15.0
elderly_headed_hh,top_1_percent,2012,31.9,21.4,17.8
elderly_headed_hh,top_1_percent,2013,26.5,17.6,13.8
elderly_headed_hh,top_1_percent,2014,29.0,19.7,15.5
elderly_headed_hh,top_1_percent,2015,29.0,19.7,15.6
nonelderly_childless_hh,all_quintiles,1979,100.0,100.0,100.0
nonelderly_childless_hh,all_quintiles,1980,100.0,100.0,100.0
nonelderly_childless_hh,all_quintiles,1981,100.0,100.0,100.0
nonelderly_childless_hh,all_quintiles,1982,100.0,100.0,100.0
nonelderly_childless_hh,all_quintiles,1983,100.0,100.0,100.0
nonelderly_childless_hh,all_quintiles,1984,100.0,100.0,100.0
nonelderly_childless_hh,all_quintiles,1985,100.0,100.0,100.0
nonelderly_childless_hh,all_quintiles,1986,100.0,100.0,100.0
nonelderly_childless_hh,all_quintiles,1987,100.0,100.0,100.0
nonelderly_childless_hh,all_quintiles,1988,100.0,100.0,100.0
nonelderly_childless_hh,all_quintiles,1989,100.0,100.0,100.0
nonelderly_childless_hh,all_quintiles,1990,100.0,100.0,100.0
nonelderly_childless_hh,all_quintiles,1991,100.0,100.0,100.0
nonelderly_childless_hh,all_quintiles,1992,100.0,100.0,100.0
nonelderly_childless_hh,all_quintiles,1993,100.0,100.0,100.0
nonelderly_childless_hh,all_quintiles,1994,100.0,100.0,100.0
nonelderly_childless_hh,all_quintiles,1995,100.0,100.0,100.0
nonelderly_childless_hh,all_quintiles,1996,100.0,100.0,100.0
nonelderly_childless_hh,all_quintiles,1997,100.0,100.0,100.0
nonelderly_childless_hh,all_quintiles,1998,100.0,100.0,100.0
nonelderly_childless_hh,all_quintiles,1999,100.0,100.0,100.0
nonelderly_childless_hh,all_quintiles,2000,100.0,100.0,100.0
nonelderly_childless_hh,all_quintiles,2001,100.0,100.0,100.0
nonelderly_childless_hh,all_quintiles,2002,100.0,100.0,100.0
nonelderly_childless_hh,all_quintiles,2003,100.0,100.0,100.0
nonelderly_childless_hh,all_quintiles,2004,100.0,100.0,100.0
nonelderly_childless_hh,all_quintiles,2005,100.0,100.0,100.0
nonelderly_childless_hh,all_quintiles,2006,100.0,100.0,100.0
nonelderly_childless_hh,all_quintiles,2007,100.0,100.0,100.0
nonelderly_childless_hh,all_quintiles,2008,100.0,100.0,100.0
nonelderly_childless_hh,all_quintiles,2009,100.0,100.0,100.0
nonelderly_childless_hh,all_quintiles,2010,100.0,100.0,100.0
nonelderly_childless_hh,all_quintiles,2011,100.0,100.0,100.0
nonelderly_childless_hh,all_quintiles,2012,100.0,100.0,100.0
nonelderly_childless_hh,all_quintiles,2013,100.0,100.0,100.0
nonelderly_childless_hh,all_quintiles,2014,100.0,100.0,100.0
nonelderly_childless_hh,all_quintiles,2015,100.0,100.0,100.0
nonelderly_childless_hh,lowest_quintile,1979,3.2,3.6,4.5
nonelderly_childless_hh,lowest_quintile,1980,3.2,3.6,4.5
nonelderly_childless_hh,lowest_quintile,1981,3.3,3.6,4.6
nonelderly_childless_hh,lowest_quintile,1982,3.2,3.6,4.4
nonelderly_childless_hh,lowest_quintile,1983,3.1,3.4,4.1
nonelderly_childless_hh,lowest_quintile,1984,3.5,3.8,4.6
nonelderly_childless_hh,lowest_quintile,1985,3.2,3.5,4.3
nonelderly_childless_hh,lowest_quintile,1986,3.0,3.3,4.0
nonelderly_childless_hh,lowest_quintile,1987,2.6,2.9,3.5
nonelderly_childless_hh,lowest_quintile,1988,2.5,2.7,3.3
nonelderly_childless_hh,lowest_quintile,1989,2.8,3.0,3.6
nonelderly_childless_hh,lowest_quintile,1990,2.8,3.0,3.6
nonelderly_childless_hh,lowest_quintile,1991,3.1,3.3,3.9
nonelderly_childless_hh,lowest_quintile,1992,3.1,3.3,3.8
nonelderly_childless_hh,lowest_quintile,1993,3.1,3.4,4.0
nonelderly_childless_hh,lowest_quintile,1994,3.1,3.3,3.9
nonelderly_childless_hh,lowest_quintile,1995,3.3,3.5,4.3
nonelderly_childless_hh,lowest_quintile,1996,3.2,3.5,4.3
nonelderly_childless_hh,lowest_quintile,1997,3.3,3.6,4.4
nonelderly_childless_hh,lowest_quintile,1998,3.4,3.6,4.4
nonelderly_childless_hh,lowest_quintile,1999,3.5,3.7,4.6
nonelderly_childless_hh,lowest_quintile,2000,3.3,3.5,4.3
nonelderly_childless_hh,lowest_quintile,2001,3.4,3.6,4.4
nonelderly_childless_hh,lowest_quintile,2002,3.8,4.1,4.9
nonelderly_childless_hh,lowest_quintile,2003,3.8,4.0,4.8
nonelderly_childless_hh,lowest_quintile,2004,3.8,4.0,4.8
nonelderly_childless_hh,lowest_quintile,2005,3.9,4.1,4.9
nonelderly_childless_hh,lowest_quintile,2006,3.8,3.9,4.7
nonelderly_childless_hh,lowest_quintile,2007,4.2,4.3,5.2
nonelderly_childless_hh,lowest_quintile,2008,4.6,4.8,5.8
nonelderly_childless_hh,lowest_quintile,2009,4.6,4.9,6.0
nonelderly_childless_hh,lowest_quintile,2010,4.9,5.2,6.3
nonelderly_childless_hh,lowest_quintile,2011,4.9,5.2,6.3
nonelderly_childless_hh,lowest_quintile,2012,4.5,4.8,6.0
nonelderly_childless_hh,lowest_quintile,2013,5.0,5.3,6.5
nonelderly_childless_hh,lowest_quintile,2014,4.8,5.1,6.4
nonelderly_childless_hh,lowest_quintile,2015,5.1,5.4,6.9
nonelderly_childless_hh,second_quintile,1979,6.8,7.2,8.2
nonelderly_childless_hh,second_quintile,1980,6.7,7.2,8.2
nonelderly_childless_hh,second_quintile,1981,6.8,7.3,8.2
nonelderly_childless_hh,second_quintile,1982,6.3,6.8,7.6
nonelderly_childless_hh,second_quintile,1983,6.1,6.6,7.5
nonelderly_childless_hh,second_quintile,1984,6.5,7.0,7.8
nonelderly_childless_hh,second_quintile,1985,6.4,6.9,7.7
nonelderly_childless_hh,second_quintile,1986,5.9,6.4,7.2
nonelderly_childless_hh,second_quintile,1987,6.5,7.0,8.0
nonelderly_childless_hh,second_quintile,1988,6.3,6.7,7.6
nonelderly_childless_hh,second_quintile,1989,6.4,6.8,7.7
nonelderly_childless_hh,second_quintile,1990,6.3,6.7,7.6
nonelderly_childless_hh,second_quintile,1991,6.4,6.9,7.9
nonelderly_childless_hh,second_quintile,1992,6.0,6.5,7.4
nonelderly_childless_hh,second_quintile,1993,6.0,6.4,7.5
nonelderly_childless_hh,second_quintile,1994,6.3,6.7,7.9
nonelderly_childless_hh,second_quintile,1995,6.5,6.9,8.1
nonelderly_childless_hh,second_quintile,1996,6.2,6.7,7.9
nonelderly_childless_hh,second_quintile,1997,5.9,6.4,7.6
nonelderly_childless_hh,second_quintile,1998,6.4,6.9,8.2
nonelderly_childless_hh,second_quintile,1999,6.2,6.7,7.9
nonelderly_childless_hh,second_quintile,2000,6.4,6.9,8.2
nonelderly_childless_hh,second_quintile,2001,6.4,6.9,8.3
nonelderly_childless_hh,second_quintile,2002,6.7,7.1,8.4
nonelderly_childless_hh,second_quintile,2003,6.6,7.1,8.3
nonelderly_childless_hh,second_quintile,2004,6.7,7.2,8.5
nonelderly_childless_hh,second_quintile,2005,6.3,6.8,8.0
nonelderly_childless_hh,second_quintile,2006,6.7,7.2,8.3
nonelderly_childless_hh,second_quintile,2007,7.0,7.4,8.6
nonelderly_childless_hh,second_quintile,2008,7.2,7.7,9.0
nonelderly_childless_hh,second_quintile,2009,7.3,7.9,9.2
nonelderly_childless_hh,second_quintile,2010,7.4,8.0,9.5
nonelderly_childless_hh,second_quintile,2011,7.3,7.9,9.4
nonelderly_childless_hh,second_quintile,2012,6.9,7.4,8.8
nonelderly_childless_hh,second_quintile,2013,7.5,8.0,9.6
nonelderly_childless_hh,second_quintile,2014,7.2,7.6,9.3
nonelderly_childless_hh,second_quintile,2015,7.6,8.0,9.7
nonelderly_childless_hh,middle_quintile,1979,11.6,11.8,12.5
nonelderly_childless_hh,middle_quintile,1980,11.3,11.6,12.3
nonelderly_childless_hh,middle_quintile,1981,11.6,11.9,12.6
nonelderly_childless_hh,middle_quintile,1982,11.5,11.9,12.4
nonelderly_childless_hh,middle_quintile,1983,11.9,12.3,12.9
nonelderly_childless_hh,middle_quintile,1984,11.9,12.2,12.7
nonelderly_childless_hh,middle_quintile,1985,11.7,12.0,12.4
nonelderly_childless_hh,middle_quintile,1986,11.4,11.7,12.1
nonelderly_childless_hh,middle_quintile,1987,11.6,12.0,12.6
nonelderly_childless_hh,middle_quintile,1988,11.3,11.6,12.3
nonelderly_childless_hh,middle_quintile,1989,11.8,12.1,12.8
nonelderly_childless_hh,middle_quintile,1990,11.3,11.7,12.3
nonelderly_childless_hh,middle_quintile,1991,11.9,12.3,13.1
nonelderly_childless_hh,middle_quintile,1992,11.7,12.2,13.0
nonelderly_childless_hh,middle_quintile,1993,11.6,12.0,13.0
nonelderly_childless_hh,middle_quintile,1994,11.6,12.0,13.0
nonelderly_childless_hh,middle_quintile,1995,11.8,12.3,13.3
nonelderly_childless_hh,middle_quintile,1996,11.5,11.9,12.9
nonelderly_childless_hh,middle_quintile,1997,11.4,11.8,12.8
nonelderly_childless_hh,middle_quintile,1998,11.3,11.6,12.7
nonelderly_childless_hh,middle_quintile,1999,10.9,11.3,12.3
nonelderly_childless_hh,middle_quintile,2000,11.0,11.5,12.6
nonelderly_childless_hh,middle_quintile,2001,11.4,11.9,13.2
nonelderly_childless_hh,middle_quintile,2002,11.7,12.3,13.6
nonelderly_childless_hh,middle_quintile,2003,11.6,12.1,13.4
nonelderly_childless_hh,middle_quintile,2004,11.3,11.8,13.1
nonelderly_childless_hh,middle_quintile,2005,11.0,11.5,12.8
nonelderly_childless_hh,middle_quintile,2006,11.2,11.8,13.1
nonelderly_childless_hh,middle_quintile,2007,11.9,12.5,13.7
nonelderly_childless_hh,middle_quintile,2008,12.0,12.6,13.9
nonelderly_childless_hh,middle_quintile,2009,12.4,13.2,14.7
nonelderly_childless_hh,middle_quintile,2010,12.4,13.3,14.7
nonelderly_childless_hh,middle_quintile,2011,12.0,12.8,14.3
nonelderly_childless_hh,middle_quintile,2012,11.7,12.6,14.1
nonelderly_childless_hh,middle_quintile,2013,12.3,13.0,14.7
nonelderly_childless_hh,middle_quintile,2014,11.9,12.6,14.3
nonelderly_childless_hh,middle_quintile,2015,12.3,13.0,14.5
nonelderly_childless_hh,fourth_quintile,1979,21.7,21.6,21.9
nonelderly_childless_hh,fourth_quintile,1980,21.9,21.8,22.0
nonelderly_childless_hh,fourth_quintile,1981,21.8,21.8,21.8
nonelderly_childless_hh,fourth_quintile,1982,21.5,21.5,21.4
nonelderly_childless_hh,fourth_quintile,1983,21.8,21.7,21.7
nonelderly_childless_hh,fourth_quintile,1984,21.7,21.7,21.6
nonelderly_childless_hh,fourth_quintile,1985,21.0,21.0,20.9
nonelderly_childless_hh,fourth_quintile,1986,20.6,20.6,20.5
nonelderly_childless_hh,fourth_quintile,1987,21.1,21.1,21.3
nonelderly_childless_hh,fourth_quintile,1988,20.7,20.6,20.8
nonelderly_childless_hh,fourth_quintile,1989,20.7,20.7,20.9
nonelderly_childless_hh,fourth_quintile,1990,20.9,21.0,21.2
nonelderly_childless_hh,fourth_quintile,1991,20.8,20.8,21.0
nonelderly_childless_hh,fourth_quintile,1992,20.3,20.4,20.8
nonelderly_childless_hh,fourth_quintile,1993,20.6,20.7,21.1
nonelderly_childless_hh,fourth_quintile,1994,20.9,20.9,21.3
nonelderly_childless_hh,fourth_quintile,1995,20.7,20.7,21.3
nonelderly_childless_hh,fourth_quintile,1996,20.4,20.4,20.9
nonelderly_childless_hh,fourth_quintile,1997,19.7,19.7,20.2
nonelderly_childless_hh,fourth_quintile,1998,19.8,19.8,20.2
nonelderly_childless_hh,fourth_quintile,1999,19.2,19.2,19.7
nonelderly_childless_hh,fourth_quintile,2000,19.2,19.2,19.7
nonelderly_childless_hh,fourth_quintile,2001,20.4,20.4,20.8
nonelderly_childless_hh,fourth_quintile,2002,20.4,20.5,20.8
nonelderly_childless_hh,fourth_quintile,2003,19.9,20.1,20.5
nonelderly_childless_hh,fourth_quintile,2004,19.7,19.8,20.3
nonelderly_childless_hh,fourth_quintile,2005,18.9,19.1,19.6
nonelderly_childless_hh,fourth_quintile,2006,19.3,19.4,19.9
nonelderly_childless_hh,fourth_quintile,2007,19.1,19.3,19.7
nonelderly_childless_hh,fourth_quintile,2008,19.3,19.5,19.9
nonelderly_childless_hh,fourth_quintile,2009,19.9,20.1,20.6
nonelderly_childless_hh,fourth_quintile,2010,20.0,20.4,20.9
nonelderly_childless_hh,fourth_quintile,2011,19.8,20.0,20.5
nonelderly_childless_hh,fourth_quintile,2012,19.3,19.5,20.0
nonelderly_childless_hh,fourth_quintile,2013,19.9,20.1,20.5
nonelderly_childless_hh,fourth_quintile,2014,19.8,20.0,20.5
nonelderly_childless_hh,fourth_quintile,2015,20.1,20.2,20.7
nonelderly_childless_hh,highest_quintile,1979,56.9,55.9,53.3
nonelderly_childless_hh,highest_quintile,1980,57.2,56.0,53.4
nonelderly_childless_hh,highest_quintile,1981,57.0,55.8,53.4
nonelderly_childless_hh,highest_quintile,1982,58.0,56.8,54.8
nonelderly_childless_hh,highest_quintile,1983,57.7,56.4,54.6
nonelderly_childless_hh,highest_quintile,1984,57.0,55.9,54.1
nonelderly_childless_hh,highest_quintile,1985,58.2,57.2,55.6
nonelderly_childless_hh,highest_quintile,1986,59.8,58.8,57.2
nonelderly_childless_hh,highest_quintile,1987,58.8,57.8,55.5
nonelderly_childless_hh,highest_quintile,1988,60.0,59.1,57.0
nonelderly_childless_hh,highest_quintile,1989,59.1,58.1,56.1
nonelderly_childless_hh,highest_quintile,1990,59.5,58.5,56.5
nonelderly_childless_hh,highest_quintile,1991,58.8,57.7,55.5
nonelderly_childless_hh,highest_quintile,1992,59.7,58.4,56.0
nonelderly_childless_hh,highest_quintile,1993,59.4,58.1,55.3
nonelderly_childless_hh,highest_quintile,1994,59.0,58.0,55.0
nonelderly_childless_hh,highest_quintile,1995,58.4,57.2,54.1
nonelderly_childless_hh,highest_quintile,1996,59.4,58.3,55.0
nonelderly_childless_hh,highest_quintile,1997,60.2,59.1,55.8
nonelderly_childless_hh,highest_quintile,1998,59.7,58.6,55.3
nonelderly_childless_hh,highest_quintile,1999,60.6,59.6,56.2
nonelderly_childless_hh,highest_quintile,2000,60.4,59.3,55.9
nonelderly_childless_hh,highest_quintile,2001,59.0,57.7,54.1
nonelderly_childless_hh,highest_quintile,2002,58.0,56.7,53.0
nonelderly_childless_hh,highest_quintile,2003,58.9,57.4,53.9
nonelderly_childless_hh,highest_quintile,2004,59.2,57.8,54.2
nonelderly_childless_hh,highest_quintile,2005,60.5,59.1,55.5
nonelderly_childless_hh,highest_quintile,2006,59.6,58.3,54.8
nonelderly_childless_hh,highest_quintile,2007,58.6,57.2,53.8
nonelderly_childless_hh,highest_quintile,2008,58.0,56.5,52.6
nonelderly_childless_hh,highest_quintile,2009,57.2,55.2,51.2
nonelderly_childless_hh,highest_quintile,2010,56.6,54.4,50.1
nonelderly_childless_hh,highest_quintile,2011,57.3,55.2,51.0
nonelderly_childless_hh,highest_quintile,2012,58.8,56.9,52.6
nonelderly_childless_hh,highest_quintile,2013,56.5,54.7,50.1
nonelderly_childless_hh,highest_quintile,2014,57.3,55.7,50.8
nonelderly_childless_hh,highest_quintile,2015,56.0,54.5,49.6
nonelderly_childless_hh,percentiles_81_90,1979,19.3,19.1,18.8
nonelderly_childless_hh,percentiles_81_90,1980,19.5,19.3,18.9
nonelderly_childless_hh,percentiles_81_90,1981,19.4,19.2,18.7
nonelderly_childless_hh,percentiles_81_90,1982,19.6,19.3,18.8
nonelderly_childless_hh,percentiles_81_90,1983,19.0,18.8,18.3
nonelderly_childless_hh,percentiles_81_90,1984,18.8,18.5,18.1
nonelderly_childless_hh,percentiles_81_90,1985,18.8,18.6,18.2
nonelderly_childless_hh,percentiles_81_90,1986,18.4,18.2,17.8
nonelderly_childless_hh,percentiles_81_90,1987,19.2,19.0,18.7
nonelderly_childless_hh,percentiles_81_90,1988,18.2,18.0,17.8
nonelderly_childless_hh,percentiles_81_90,1989,18.7,18.5,18.2
nonelderly_childless_hh,percentiles_81_90,1990,18.2,18.0,17.7
nonelderly_childless_hh,percentiles_81_90,1991,17.9,17.7,17.4
nonelderly_childless_hh,percentiles_81_90,1992,17.5,17.3,17.0
nonelderly_childless_hh,percentiles_81_90,1993,18.0,17.8,17.7
nonelderly_childless_hh,percentiles_81_90,1994,18.3,18.0,17.9
nonelderly_childless_hh,percentiles_81_90,1995,17.4,17.2,17.0
nonelderly_childless_hh,percentiles_81_90,1996,17.5,17.3,17.1
nonelderly_childless_hh,percentiles_81_90,1997,17.4,17.3,17.1
nonelderly_childless_hh,percentiles_81_90,1998,16.8,16.6,16.4
nonelderly_childless_hh,percentiles_81_90,1999,16.7,16.6,16.4
nonelderly_childless_hh,percentiles_81_90,2000,16.0,15.9,15.7
nonelderly_childless_hh,percentiles_81_90,2001,16.6,16.4,16.1
nonelderly_childless_hh,percentiles_81_90,2002,17.0,16.7,16.4
nonelderly_childless_hh,percentiles_81_90,2003,17.6,17.3,16.9
nonelderly_childless_hh,percentiles_81_90,2004,16.8,16.6,16.4
nonelderly_childless_hh,percentiles_81_90,2005,16.0,15.8,15.6
nonelderly_childless_hh,percentiles_81_90,2006,15.9,15.8,15.5
nonelderly_childless_hh,percentiles_81_90,2007,16.0,15.8,15.5
nonelderly_childless_hh,percentiles_81_90,2008,16.4,16.2,15.8
nonelderly_childless_hh,percentiles_81_90,2009,16.7,16.4,16.0
nonelderly_childless_hh,percentiles_81_90,2010,16.4,16.0,15.5
nonelderly_childless_hh,percentiles_81_90,2011,16.5,16.1,15.7
nonelderly_childless_hh,percentiles_81_90,2012,16.4,16.1,15.7
nonelderly_childless_hh,percentiles_81_90,2013,16.5,16.2,15.7
nonelderly_childless_hh,percentiles_81_90,2014,16.3,16.0,15.5
nonelderly_childless_hh,percentiles_81_90,2015,16.6,16.3,15.7
nonelderly_childless_hh,percentiles_91_95,1979,13.7,13.4,13.1
nonelderly_childless_hh,percentiles_91_95,1980,13.6,13.3,12.9
nonelderly_childless_hh,percentiles_91_95,1981,13.7,13.4,12.9
nonelderly_childless_hh,percentiles_91_95,1982,13.9,13.6,13.2
nonelderly_childless_hh,percentiles_91_95,1983,13.5,13.3,12.8
nonelderly_childless_hh,percentiles_91_95,1984,12.9,12.7,12.3
nonelderly_childless_hh,percentiles_91_95,1985,12.8,12.7,12.3
nonelderly_childless_hh,percentiles_91_95,1986,13.2,13.0,12.6
nonelderly_childless_hh,percentiles_91_95,1987,13.7,13.4,13.1
nonelderly_childless_hh,percentiles_91_95,1988,12.8,12.7,12.3
nonelderly_childless_hh,percentiles_91_95,1989,12.8,12.7,12.3
nonelderly_childless_hh,percentiles_91_95,1990,12.7,12.5,12.2
nonelderly_childless_hh,percentiles_91_95,1991,12.8,12.6,12.3
nonelderly_childless_hh,percentiles_91_95,1992,12.7,12.4,12.1
nonelderly_childless_hh,percentiles_91_95,1993,12.8,12.5,12.2
nonelderly_childless_hh,percentiles_91_95,1994,12.6,12.4,12.1
nonelderly_childless_hh,percentiles_91_95,1995,12.8,12.6,12.2
nonelderly_childless_hh,percentiles_91_95,1996,12.6,12.4,12.1
nonelderly_childless_hh,percentiles_91_95,1997,12.3,12.1,11.8
nonelderly_childless_hh,percentiles_91_95,1998,12.1,11.9,11.5
nonelderly_childless_hh,percentiles_91_95,1999,12.0,11.8,11.5
nonelderly_childless_hh,percentiles_91_95,2000,11.9,11.7,11.3
nonelderly_childless_hh,percentiles_91_95,2001,12.5,12.2,11.8
nonelderly_childless_hh,percentiles_91_95,2002,12.3,12.0,11.5
nonelderly_childless_hh,percentiles_91_95,2003,12.1,11.9,11.4
nonelderly_childless_hh,percentiles_91_95,2004,12.0,11.7,11.3
nonelderly_childless_hh,percentiles_91_95,2005,11.7,11.5,11.1
nonelderly_childless_hh,percentiles_91_95,2006,11.4,11.2,10.9
nonelderly_childless_hh,percentiles_91_95,2007,11.4,11.1,10.7
nonelderly_childless_hh,percentiles_91_95,2008,11.9,11.7,11.1
nonelderly_childless_hh,percentiles_91_95,2009,12.4,12.0,11.3
nonelderly_childless_hh,percentiles_91_95,2010,11.7,11.3,10.7
nonelderly_childless_hh,percentiles_91_95,2011,12.2,11.8,11.1
nonelderly_childless_hh,percentiles_91_95,2012,11.8,11.4,10.8
nonelderly_childless_hh,percentiles_91_95,2013,11.6,11.2,10.6
nonelderly_childless_hh,percentiles_91_95,2014,11.8,11.5,10.8
nonelderly_childless_hh,percentiles_91_95,2015,11.7,11.4,10.7
nonelderly_childless_hh,percentiles_96_99,1979,14.4,14.1,13.4
nonelderly_childless_hh,percentiles_96_99,1980,14.5,14.1,13.4
nonelderly_childless_hh,percentiles_96_99,1981,14.5,14.2,13.4
nonelderly_childless_hh,percentiles_96_99,1982,14.3,13.9,13.4
nonelderly_childless_hh,percentiles_96_99,1983,14.7,14.3,13.9
nonelderly_childless_hh,percentiles_96_99,1984,14.6,14.3,14.0
nonelderly_childless_hh,percentiles_96_99,1985,14.6,14.4,14.0
nonelderly_childless_hh,percentiles_96_99,1986,14.6,14.4,14.0
nonelderly_childless_hh,percentiles_96_99,1987,14.5,14.2,13.7
nonelderly_childless_hh,percentiles_96_99,1988,14.3,14.1,13.6
nonelderly_childless_hh,percentiles_96_99,1989,14.5,14.3,13.8
nonelderly_childless_hh,percentiles_96_99,1990,14.3,14.0,13.5
nonelderly_childless_hh,percentiles_96_99,1991,15.1,14.8,14.2
nonelderly_childless_hh,percentiles_96_99,1992,15.0,14.6,14.0
nonelderly_childless_hh,percentiles_96_99,1993,15.0,14.7,14.0
nonelderly_childless_hh,percentiles_96_99,1994,14.7,14.4,13.8
nonelderly_childless_hh,percentiles_96_99,1995,14.8,14.5,13.7
nonelderly_childless_hh,percentiles_96_99,1996,14.7,14.4,13.7
nonelderly_childless_hh,percentiles_96_99,1997,14.2,14.0,13.3
nonelderly_childless_hh,percentiles_96_99,1998,14.3,14.0,13.2
nonelderly_childless_hh,percentiles_96_99,1999,15.0,14.7,13.9
nonelderly_childless_hh,percentiles_96_99,2000,14.5,14.2,13.3
nonelderly_childless_hh,percentiles_96_99,2001,14.9,14.6,13.6
nonelderly_childless_hh,percentiles_96_99,2002,15.5,15.0,14.0
nonelderly_childless_hh,percentiles_96_99,2003,15.3,14.9,14.0
nonelderly_childless_hh,percentiles_96_99,2004,14.9,14.5,13.5
nonelderly_childless_hh,percentiles_96_99,2005,14.5,14.1,13.2
nonelderly_childless_hh,percentiles_96_99,2006,14.9,14.5,13.6
nonelderly_childless_hh,percentiles_96_99,2007,14.7,14.3,13.3
nonelderly_childless_hh,percentiles_96_99,2008,14.6,14.2,13.0
nonelderly_childless_hh,percentiles_96_99,2009,15.0,14.4,13.2
nonelderly_childless_hh,percentiles_96_99,2010,15.1,14.4,13.1
nonelderly_childless_hh,percentiles_96_99,2011,15.1,14.5,13.2
nonelderly_childless_hh,percentiles_96_99,2012,14.9,14.3,13.1
nonelderly_childless_hh,percentiles_96_99,2013,15.0,14.4,13.1
nonelderly_childless_hh,percentiles_96_99,2014,15.0,14.4,13.1
nonelderly_childless_hh,percentiles_96_99,2015,14.5,14.0,12.7
nonelderly_childless_hh,top_1_percent,1979,9.6,9.3,8.1
nonelderly_childless_hh,top_1_percent,1980,9.6,9.3,8.3
nonelderly_childless_hh,top_1_percent,1981,9.3,9.0,8.4
nonelderly_childless_hh,top_1_percent,1982,10.2,9.9,9.4
nonelderly_childless_hh,top_1_percent,1983,10.4,10.1,9.5
nonelderly_childless_hh,top_1_percent,1984,10.6,10.3,9.7
nonelderly_childless_hh,top_1_percent,1985,11.9,11.6,11.1
nonelderly_childless_hh,top_1_percent,1986,13.6,13.2,12.8
nonelderly_childless_hh,top_1_percent,1987,11.4,11.1,10.1
nonelderly_childless_hh,top_1_percent,1988,14.7,14.3,13.3
nonelderly_childless_hh,top_1_percent,1989,13.0,12.6,11.8
nonelderly_childless_hh,top_1_percent,1990,14.4,14.0,13.1
nonelderly_childless_hh,top_1_percent,1991,13.0,12.6,11.6
nonelderly_childless_hh,top_1_percent,1992,14.6,14.1,12.9
nonelderly_childless_hh,top_1_percent,1993,13.6,13.1,11.4
nonelderly_childless_hh,top_1_percent,1994,13.5,13.1,11.2
nonelderly_childless_hh,top_1_percent,1995,13.4,13.0,11.1
nonelderly_childless_hh,top_1_percent,1996,14.6,14.2,12.1
nonelderly_childless_hh,top_1_percent,1997,16.2,15.7,13.6
nonelderly_childless_hh,top_1_percent,1998,16.5,16.1,14.1
nonelderly_childless_hh,top_1_percent,1999,16.9,16.5,14.5
nonelderly_childless_hh,top_1_percent,2000,18.0,17.5,15.5
nonelderly_childless_hh,top_1_percent,2001,15.0,14.5,12.6
nonelderly_childless_hh,top_1_percent,2002,13.3,12.9,11.1
nonelderly_childless_hh,top_1_percent,2003,13.8,13.3,11.6
nonelderly_childless_hh,top_1_percent,2004,15.5,14.9,13.1
nonelderly_childless_hh,top_1_percent,2005,18.4,17.8,15.6
nonelderly_childless_hh,top_1_percent,2006,17.3,16.8,14.8
nonelderly_childless_hh,top_1_percent,2007,16.5,15.9,14.2
nonelderly_childless_hh,top_1_percent,2008,15.1,14.5,12.7
nonelderly_childless_hh,top_1_percent,2009,13.0,12.4,10.6
nonelderly_childless_hh,top_1_percent,2010,13.4,12.6,10.8
nonelderly_childless_hh,top_1_percent,2011,13.5,12.9,11.0
nonelderly_childless_hh,top_1_percent,2012,15.7,15.0,12.9
nonelderly_childless_hh,top_1_percent,2013,13.5,12.9,10.7
nonelderly_childless_hh,top_1_percent,2014,14.3,13.7,11.3
nonelderly_childless_hh,top_1_percent,2015,13.2,12.7,10.5
