year,quintile,raw_pct,sum_of_5_raw,normalized_weight,math_derivation,method,source,status
1979,Q1 (Bottom 20%),9.6695,100.0,0.096695,10894 / 112663 = 0.096695 (×100 = 9.6695%),PROXY: 1984 CEX weights (per user instruction),BLS CEX 1984 proxy. No CEX data exists before 1984. User instruction: use 1984 weights for 1979-1983.,CONFIRMED
1979,Q2 (Second 20%),12.7256,100.0,0.127256,14337 / 112663 = 0.127256 (×100 = 12.7256%),PROXY: 1984 CEX weights (per user instruction),BLS CEX 1984 proxy. No CEX data exists before 1984. User instruction: use 1984 weights for 1979-1983.,CONFIRMED
1979,Q3 (Middle 20%),17.2807,100.0,0.172807,19469 / 112663 = 0.172807 (×100 = 17.2807%),PROXY: 1984 CEX weights (per user instruction),BLS CEX 1984 proxy. No CEX data exists before 1984. User instruction: use 1984 weights for 1979-1983.,CONFIRMED
1979,Q4 (Fourth 20%),23.2002,100.0,0.232002,26138 / 112663 = 0.232002 (×100 = 23.2002%),PROXY: 1984 CEX weights (per user instruction),BLS CEX 1984 proxy. No CEX data exists before 1984. User instruction: use 1984 weights for 1979-1983.,CONFIRMED
1979,Q5 (Top 20%),37.124,100.0,0.37124,41825 / 112663 = 0.371240 (×100 = 37.1240%),PROXY: 1984 CEX weights (per user instruction),BLS CEX 1984 proxy. No CEX data exists before 1984. User instruction: use 1984 weights for 1979-1983.,CONFIRMED
1980,Q1 (Bottom 20%),9.6695,100.0,0.096695,10894 / 112663 = 0.096695 (×100 = 9.6695%),PROXY: 1984 CEX weights (per user instruction),BLS CEX 1984 proxy. No CEX data exists before 1984. User instruction: use 1984 weights for 1979-1983.,CONFIRMED
1980,Q2 (Second 20%),12.7256,100.0,0.127256,14337 / 112663 = 0.127256 (×100 = 12.7256%),PROXY: 1984 CEX weights (per user instruction),BLS CEX 1984 proxy. No CEX data exists before 1984. User instruction: use 1984 weights for 1979-1983.,CONFIRMED
1980,Q3 (Middle 20%),17.2807,100.0,0.172807,19469 / 112663 = 0.172807 (×100 = 17.2807%),PROXY: 1984 CEX weights (per user instruction),BLS CEX 1984 proxy. No CEX data exists before 1984. User instruction: use 1984 weights for 1979-1983.,CONFIRMED
1980,Q4 (Fourth 20%),23.2002,100.0,0.232002,26138 / 112663 = 0.232002 (×100 = 23.2002%),PROXY: 1984 CEX weights (per user instruction),BLS CEX 1984 proxy. No CEX data exists before 1984. User instruction: use 1984 weights for 1979-1983.,CONFIRMED
1980,Q5 (Top 20%),37.124,100.0,0.37124,41825 / 112663 = 0.371240 (×100 = 37.1240%),PROXY: 1984 CEX weights (per user instruction),BLS CEX 1984 proxy. No CEX data exists before 1984. User instruction: use 1984 weights for 1979-1983.,CONFIRMED
1981,Q1 (Bottom 20%),9.6695,100.0,0.096695,10894 / 112663 = 0.096695 (×100 = 9.6695%),PROXY: 1984 CEX weights (per user instruction),BLS CEX 1984 proxy. No CEX data exists before 1984. User instruction: use 1984 weights for 1979-1983.,CONFIRMED
1981,Q2 (Second 20%),12.7256,100.0,0.127256,14337 / 112663 = 0.127256 (×100 = 12.7256%),PROXY: 1984 CEX weights (per user instruction),BLS CEX 1984 proxy. No CEX data exists before 1984. User instruction: use 1984 weights for 1979-1983.,CONFIRMED
1981,Q3 (Middle 20%),17.2807,100.0,0.172807,19469 / 112663 = 0.172807 (×100 = 17.2807%),PROXY: 1984 CEX weights (per user instruction),BLS CEX 1984 proxy. No CEX data exists before 1984. User instruction: use 1984 weights for 1979-1983.,CONFIRMED
1981,Q4 (Fourth 20%),23.2002,100.0,0.232002,26138 / 112663 = 0.232002 (×100 = 23.2002%),PROXY: 1984 CEX weights (per user instruction),BLS CEX 1984 proxy. No CEX data exists before 1984. User instruction: use 1984 weights for 1979-1983.,CONFIRMED
1981,Q5 (Top 20%),37.124,100.0,0.37124,41825 / 112663 = 0.371240 (×100 = 37.1240%),PROXY: 1984 CEX weights (per user instruction),BLS CEX 1984 proxy. No CEX data exists before 1984. User instruction: use 1984 weights for 1979-1983.,CONFIRMED
1982,Q1 (Bottom 20%),9.6695,100.0,0.096695,10894 / 112663 = 0.096695 (×100 = 9.6695%),PROXY: 1984 CEX weights (per user instruction),BLS CEX 1984 proxy. No CEX data exists before 1984. User instruction: use 1984 weights for 1979-1983.,CONFIRMED
1982,Q2 (Second 20%),12.7256,100.0,0.127256,14337 / 112663 = 0.127256 (×100 = 12.7256%),PROXY: 1984 CEX weights (per user instruction),BLS CEX 1984 proxy. No CEX data exists before 1984. User instruction: use 1984 weights for 1979-1983.,CONFIRMED
1982,Q3 (Middle 20%),17.2807,100.0,0.172807,19469 / 112663 = 0.172807 (×100 = 17.2807%),PROXY: 1984 CEX weights (per user instruction),BLS CEX 1984 proxy. No CEX data exists before 1984. User instruction: use 1984 weights for 1979-1983.,CONFIRMED
1982,Q4 (Fourth 20%),23.2002,100.0,0.232002,26138 / 112663 = 0.232002 (×100 = 23.2002%),PROXY: 1984 CEX weights (per user instruction),BLS CEX 1984 proxy. No CEX data exists before 1984. User instruction: use 1984 weights for 1979-1983.,CONFIRMED
1982,Q5 (Top 20%),37.124,100.0,0.37124,41825 / 112663 = 0.371240 (×100 = 37.1240%),PROXY: 1984 CEX weights (per user instruction),BLS CEX 1984 proxy. No CEX data exists before 1984. User instruction: use 1984 weights for 1979-1983.,CONFIRMED
1983,Q1 (Bottom 20%),9.6695,100.0,0.096695,10894 / 112663 = 0.096695 (×100 = 9.6695%),PROXY: 1984 CEX weights (per user instruction),BLS CEX 1984 proxy. No CEX data exists before 1984. User instruction: use 1984 weights for 1979-1983.,CONFIRMED
1983,Q2 (Second 20%),12.7256,100.0,0.127256,14337 / 112663 = 0.127256 (×100 = 12.7256%),PROXY: 1984 CEX weights (per user instruction),BLS CEX 1984 proxy. No CEX data exists before 1984. User instruction: use 1984 weights for 1979-1983.,CONFIRMED
1983,Q3 (Middle 20%),17.2807,100.0,0.172807,19469 / 112663 = 0.172807 (×100 = 17.2807%),PROXY: 1984 CEX weights (per user instruction),BLS CEX 1984 proxy. No CEX data exists before 1984. User instruction: use 1984 weights for 1979-1983.,CONFIRMED
1983,Q4 (Fourth 20%),23.2002,100.0,0.232002,26138 / 112663 = 0.232002 (×100 = 23.2002%),PROXY: 1984 CEX weights (per user instruction),BLS CEX 1984 proxy. No CEX data exists before 1984. User instruction: use 1984 weights for 1979-1983.,CONFIRMED
1983,Q5 (Top 20%),37.124,100.0,0.37124,41825 / 112663 = 0.371240 (×100 = 37.1240%),PROXY: 1984 CEX weights (per user instruction),BLS CEX 1984 proxy. No CEX data exists before 1984. User instruction: use 1984 weights for 1979-1983.,CONFIRMED
1984,Q1 (Bottom 20%),9.6695,100.0,0.096695,10894 / 112663 = 0.096695 (×100 = 9.6695%),"Derived from dollar expenditure averages (Table 1, CEX)",BLS CEX 1984 Table 1. Average annual expenditures per quintile. share_q = Q_avg / sum(Q1..Q5 avgs) × 100.,CONFIRMED
1984,Q2 (Second 20%),12.7256,100.0,0.127256,14337 / 112663 = 0.127256 (×100 = 12.7256%),"Derived from dollar expenditure averages (Table 1, CEX)",BLS CEX 1984 Table 1. Average annual expenditures per quintile. share_q = Q_avg / sum(Q1..Q5 avgs) × 100.,CONFIRMED
1984,Q3 (Middle 20%),17.2807,100.0,0.172807,19469 / 112663 = 0.172807 (×100 = 17.2807%),"Derived from dollar expenditure averages (Table 1, CEX)",BLS CEX 1984 Table 1. Average annual expenditures per quintile. share_q = Q_avg / sum(Q1..Q5 avgs) × 100.,CONFIRMED
1984,Q4 (Fourth 20%),23.2002,100.0,0.232002,26138 / 112663 = 0.232002 (×100 = 23.2002%),"Derived from dollar expenditure averages (Table 1, CEX)",BLS CEX 1984 Table 1. Average annual expenditures per quintile. share_q = Q_avg / sum(Q1..Q5 avgs) × 100.,CONFIRMED
1984,Q5 (Top 20%),37.124,100.0,0.37124,41825 / 112663 = 0.371240 (×100 = 37.1240%),"Derived from dollar expenditure averages (Table 1, CEX)",BLS CEX 1984 Table 1. Average annual expenditures per quintile. share_q = Q_avg / sum(Q1..Q5 avgs) × 100.,CONFIRMED
1985,Q1 (Bottom 20%),9.5293,100.0,0.095293,11417 / 119809 = 0.095293 (×100 = 9.5293%),"Derived from dollar expenditure averages (Table 1, CEX)",BLS CEX 1985 Table 1. Average annual expenditures per quintile. share_q = Q_avg / sum(Q1..Q5 avgs) × 100.,CONFIRMED
1985,Q2 (Second 20%),12.5967,100.0,0.125967,15092 / 119809 = 0.125967 (×100 = 12.5967%),"Derived from dollar expenditure averages (Table 1, CEX)",BLS CEX 1985 Table 1. Average annual expenditures per quintile. share_q = Q_avg / sum(Q1..Q5 avgs) × 100.,CONFIRMED
1985,Q3 (Middle 20%),17.0054,100.0,0.170054,20374 / 119809 = 0.170054 (×100 = 17.0054%),"Derived from dollar expenditure averages (Table 1, CEX)",BLS CEX 1985 Table 1. Average annual expenditures per quintile. share_q = Q_avg / sum(Q1..Q5 avgs) × 100.,CONFIRMED
1985,Q4 (Fourth 20%),23.1702,100.0,0.231702,27760 / 119809 = 0.231702 (×100 = 23.1702%),"Derived from dollar expenditure averages (Table 1, CEX)",BLS CEX 1985 Table 1. Average annual expenditures per quintile. share_q = Q_avg / sum(Q1..Q5 avgs) × 100.,CONFIRMED
1985,Q5 (Top 20%),37.6983,100.0,0.376983,45166 / 119809 = 0.376983 (×100 = 37.6983%),"Derived from dollar expenditure averages (Table 1, CEX)",BLS CEX 1985 Table 1. Average annual expenditures per quintile. share_q = Q_avg / sum(Q1..Q5 avgs) × 100.,CONFIRMED
1986,Q1 (Bottom 20%),9.3963,100.0,0.093963,11477 / 122144 = 0.093963 (×100 = 9.3963%),"Derived from dollar expenditure averages (Table 1, CEX)",BLS CEX 1986 Table 1. Average annual expenditures per quintile. share_q = Q_avg / sum(Q1..Q5 avgs) × 100.,CONFIRMED
1986,Q2 (Second 20%),11.985,100.0,0.11985,14639 / 122144 = 0.119850 (×100 = 11.9850%),"Derived from dollar expenditure averages (Table 1, CEX)",BLS CEX 1986 Table 1. Average annual expenditures per quintile. share_q = Q_avg / sum(Q1..Q5 avgs) × 100.,CONFIRMED
1986,Q3 (Middle 20%),17.2649,100.0,0.172649,21088 / 122144 = 0.172649 (×100 = 17.2649%),"Derived from dollar expenditure averages (Table 1, CEX)",BLS CEX 1986 Table 1. Average annual expenditures per quintile. share_q = Q_avg / sum(Q1..Q5 avgs) × 100.,CONFIRMED
1986,Q4 (Fourth 20%),23.4952,100.0,0.234952,28698 / 122144 = 0.234952 (×100 = 23.4952%),"Derived from dollar expenditure averages (Table 1, CEX)",BLS CEX 1986 Table 1. Average annual expenditures per quintile. share_q = Q_avg / sum(Q1..Q5 avgs) × 100.,CONFIRMED
1986,Q5 (Top 20%),37.8586,100.0,0.378586,46242 / 122144 = 0.378586 (×100 = 37.8586%),"Derived from dollar expenditure averages (Table 1, CEX)",BLS CEX 1986 Table 1. Average annual expenditures per quintile. share_q = Q_avg / sum(Q1..Q5 avgs) × 100.,CONFIRMED
1987,Q1 (Bottom 20%),8.3628,100.0,0.083628,10355 / 123822 = 0.083628 (×100 = 8.3628%),"Derived from dollar expenditure averages (Table 1, CEX)",BLS CEX 1987 Table 1. Average annual expenditures per quintile. share_q = Q_avg / sum(Q1..Q5 avgs) × 100.,CONFIRMED
1987,Q2 (Second 20%),12.6682,100.0,0.126682,15686 / 123822 = 0.126682 (×100 = 12.6682%),"Derived from dollar expenditure averages (Table 1, CEX)",BLS CEX 1987 Table 1. Average annual expenditures per quintile. share_q = Q_avg / sum(Q1..Q5 avgs) × 100.,CONFIRMED
1987,Q3 (Middle 20%),17.5316,100.0,0.175316,21708 / 123822 = 0.175316 (×100 = 17.5316%),"Derived from dollar expenditure averages (Table 1, CEX)",BLS CEX 1987 Table 1. Average annual expenditures per quintile. share_q = Q_avg / sum(Q1..Q5 avgs) × 100.,CONFIRMED
1987,Q4 (Fourth 20%),23.9077,100.0,0.239077,29603 / 123822 = 0.239077 (×100 = 23.9077%),"Derived from dollar expenditure averages (Table 1, CEX)",BLS CEX 1987 Table 1. Average annual expenditures per quintile. share_q = Q_avg / sum(Q1..Q5 avgs) × 100.,CONFIRMED
1987,Q5 (Top 20%),37.5297,100.0,0.375297,46470 / 123822 = 0.375297 (×100 = 37.5297%),"Derived from dollar expenditure averages (Table 1, CEX)",BLS CEX 1987 Table 1. Average annual expenditures per quintile. share_q = Q_avg / sum(Q1..Q5 avgs) × 100.,CONFIRMED
1988,Q1 (Bottom 20%),8.2607,100.0,0.082607,10893 / 131865 = 0.082607 (×100 = 8.2607%),"Derived from dollar expenditure averages (Table 1, CEX)",BLS CEX 1988 Table 1. Average annual expenditures per quintile. share_q = Q_avg / sum(Q1..Q5 avgs) × 100.,CONFIRMED
1988,Q2 (Second 20%),12.801,100.0,0.12801,16880 / 131865 = 0.128010 (×100 = 12.8010%),"Derived from dollar expenditure averages (Table 1, CEX)",BLS CEX 1988 Table 1. Average annual expenditures per quintile. share_q = Q_avg / sum(Q1..Q5 avgs) × 100.,CONFIRMED
1988,Q3 (Middle 20%),17.662,100.0,0.17662,23290 / 131865 = 0.176620 (×100 = 17.6620%),"Derived from dollar expenditure averages (Table 1, CEX)",BLS CEX 1988 Table 1. Average annual expenditures per quintile. share_q = Q_avg / sum(Q1..Q5 avgs) × 100.,CONFIRMED
1988,Q4 (Fourth 20%),24.3309,100.0,0.243309,32084 / 131865 = 0.243309 (×100 = 24.3309%),"Derived from dollar expenditure averages (Table 1, CEX)",BLS CEX 1988 Table 1. Average annual expenditures per quintile. share_q = Q_avg / sum(Q1..Q5 avgs) × 100.,CONFIRMED
1988,Q5 (Top 20%),36.9454,100.0,0.369454,48718 / 131865 = 0.369454 (×100 = 36.9454%),"Derived from dollar expenditure averages (Table 1, CEX)",BLS CEX 1988 Table 1. Average annual expenditures per quintile. share_q = Q_avg / sum(Q1..Q5 avgs) × 100.,CONFIRMED
1989,Q1 (Bottom 20%),8.5625,100.0,0.085625,12119 / 141535 = 0.085625 (×100 = 8.5625%),"Derived from dollar expenditure averages (Table 1, CEX)",BLS CEX 1989 Table 1. Average annual expenditures per quintile. share_q = Q_avg / sum(Q1..Q5 avgs) × 100.,CONFIRMED
1989,Q2 (Second 20%),12.4464,100.0,0.124464,17616 / 141535 = 0.124464 (×100 = 12.4464%),"Derived from dollar expenditure averages (Table 1, CEX)",BLS CEX 1989 Table 1. Average annual expenditures per quintile. share_q = Q_avg / sum(Q1..Q5 avgs) × 100.,CONFIRMED
1989,Q3 (Middle 20%),17.2932,100.0,0.172932,24476 / 141535 = 0.172932 (×100 = 17.2932%),"Derived from dollar expenditure averages (Table 1, CEX)",BLS CEX 1989 Table 1. Average annual expenditures per quintile. share_q = Q_avg / sum(Q1..Q5 avgs) × 100.,CONFIRMED
1989,Q4 (Fourth 20%),24.1855,100.0,0.241855,34231 / 141535 = 0.241855 (×100 = 24.1855%),"Derived from dollar expenditure averages (Table 1, CEX)",BLS CEX 1989 Table 1. Average annual expenditures per quintile. share_q = Q_avg / sum(Q1..Q5 avgs) × 100.,CONFIRMED
1989,Q5 (Top 20%),37.5123,100.0,0.375123,53093 / 141535 = 0.375123 (×100 = 37.5123%),"Derived from dollar expenditure averages (Table 1, CEX)",BLS CEX 1989 Table 1. Average annual expenditures per quintile. share_q = Q_avg / sum(Q1..Q5 avgs) × 100.,CONFIRMED
1990,Q1 (Bottom 20%),8.889,100.0,0.08889,12909 / 145225 = 0.088890 (×100 = 8.8890%),"Derived from dollar expenditure averages (Table 1, CEX)",BLS CEX 1990 Table 1. Average annual expenditures per quintile. share_q = Q_avg / sum(Q1..Q5 avgs) × 100.,CONFIRMED
1990,Q2 (Second 20%),12.3443,100.0,0.123443,17927 / 145225 = 0.123443 (×100 = 12.3443%),"Derived from dollar expenditure averages (Table 1, CEX)",BLS CEX 1990 Table 1. Average annual expenditures per quintile. share_q = Q_avg / sum(Q1..Q5 avgs) × 100.,CONFIRMED
1990,Q3 (Middle 20%),16.9991,100.0,0.169991,24687 / 145225 = 0.169991 (×100 = 16.9991%),"Derived from dollar expenditure averages (Table 1, CEX)",BLS CEX 1990 Table 1. Average annual expenditures per quintile. share_q = Q_avg / sum(Q1..Q5 avgs) × 100.,CONFIRMED
1990,Q4 (Fourth 20%),23.5944,100.0,0.235944,34265 / 145225 = 0.235944 (×100 = 23.5944%),"Derived from dollar expenditure averages (Table 1, CEX)",BLS CEX 1990 Table 1. Average annual expenditures per quintile. share_q = Q_avg / sum(Q1..Q5 avgs) × 100.,CONFIRMED
1990,Q5 (Top 20%),38.1732,100.0,0.381732,55437 / 145225 = 0.381732 (×100 = 38.1732%),"Derived from dollar expenditure averages (Table 1, CEX)",BLS CEX 1990 Table 1. Average annual expenditures per quintile. share_q = Q_avg / sum(Q1..Q5 avgs) × 100.,CONFIRMED
1991,Q1 (Bottom 20%),8.838,100.0,0.08838,13464 / 152342 = 0.088380 (×100 = 8.8380%),"Derived from dollar expenditure averages (Table 1, CEX)",BLS CEX 1991 Table 1. Average annual expenditures per quintile. share_q = Q_avg / sum(Q1..Q5 avgs) × 100.,CONFIRMED
1991,Q2 (Second 20%),12.4627,100.0,0.124627,18986 / 152342 = 0.124627 (×100 = 12.4627%),"Derived from dollar expenditure averages (Table 1, CEX)",BLS CEX 1991 Table 1. Average annual expenditures per quintile. share_q = Q_avg / sum(Q1..Q5 avgs) × 100.,CONFIRMED
1991,Q3 (Middle 20%),17.1614,100.0,0.171614,26144 / 152342 = 0.171614 (×100 = 17.1614%),"Derived from dollar expenditure averages (Table 1, CEX)",BLS CEX 1991 Table 1. Average annual expenditures per quintile. share_q = Q_avg / sum(Q1..Q5 avgs) × 100.,CONFIRMED
1991,Q4 (Fourth 20%),23.7302,100.0,0.237302,36151 / 152342 = 0.237302 (×100 = 23.7302%),"Derived from dollar expenditure averages (Table 1, CEX)",BLS CEX 1991 Table 1. Average annual expenditures per quintile. share_q = Q_avg / sum(Q1..Q5 avgs) × 100.,CONFIRMED
1991,Q5 (Top 20%),37.8077,100.0,0.378077,57597 / 152342 = 0.378077 (×100 = 37.8077%),"Derived from dollar expenditure averages (Table 1, CEX)",BLS CEX 1991 Table 1. Average annual expenditures per quintile. share_q = Q_avg / sum(Q1..Q5 avgs) × 100.,CONFIRMED
1992,Q1 (Bottom 20%),8.2879,100.0,0.082879,12643 / 152548 = 0.082879 (×100 = 8.2879%),"Derived from dollar expenditure averages (Table 1, CEX)",BLS CEX 1992 Table 1. Average annual expenditures per quintile. share_q = Q_avg / sum(Q1..Q5 avgs) × 100.,CONFIRMED
1992,Q2 (Second 20%),12.6236,100.0,0.126236,19257 / 152548 = 0.126236 (×100 = 12.6236%),"Derived from dollar expenditure averages (Table 1, CEX)",BLS CEX 1992 Table 1. Average annual expenditures per quintile. share_q = Q_avg / sum(Q1..Q5 avgs) × 100.,CONFIRMED
1992,Q3 (Middle 20%),17.4194,100.0,0.174194,26573 / 152548 = 0.174194 (×100 = 17.4194%),"Derived from dollar expenditure averages (Table 1, CEX)",BLS CEX 1992 Table 1. Average annual expenditures per quintile. share_q = Q_avg / sum(Q1..Q5 avgs) × 100.,CONFIRMED
1992,Q4 (Fourth 20%),23.6607,100.0,0.236607,36094 / 152548 = 0.236607 (×100 = 23.6607%),"Derived from dollar expenditure averages (Table 1, CEX)",BLS CEX 1992 Table 1. Average annual expenditures per quintile. share_q = Q_avg / sum(Q1..Q5 avgs) × 100.,CONFIRMED
1992,Q5 (Top 20%),38.0084,100.0,0.380084,57981 / 152548 = 0.380084 (×100 = 38.0084%),"Derived from dollar expenditure averages (Table 1, CEX)",BLS CEX 1992 Table 1. Average annual expenditures per quintile. share_q = Q_avg / sum(Q1..Q5 avgs) × 100.,CONFIRMED
1993,Q1 (Bottom 20%),8.8,100.0,0.088,8.8 / 100.0 = 0.088000,Direct percent shares from Table 1100 (CEX),BLS CEX 1993. Table 1100 provides direct aggregate expenditure percent shares.,CONFIRMED
1993,Q2 (Second 20%),12.5,100.0,0.125,12.5 / 100.0 = 0.125000,Direct percent shares from Table 1100 (CEX),BLS CEX 1993. Table 1100 provides direct aggregate expenditure percent shares.,CONFIRMED
1993,Q3 (Middle 20%),16.9,100.0,0.169,16.9 / 100.0 = 0.169000,Direct percent shares from Table 1100 (CEX),BLS CEX 1993. Table 1100 provides direct aggregate expenditure percent shares.,CONFIRMED
1993,Q4 (Fourth 20%),23.7,100.0,0.237,23.7 / 100.0 = 0.237000,Direct percent shares from Table 1100 (CEX),BLS CEX 1993. Table 1100 provides direct aggregate expenditure percent shares.,CONFIRMED
1993,Q5 (Top 20%),38.1,100.0,0.381,38.1 / 100.0 = 0.381000,Direct percent shares from Table 1100 (CEX),BLS CEX 1993. Table 1100 provides direct aggregate expenditure percent shares.,CONFIRMED
1994,Q1 (Bottom 20%),8.5,100.0,0.085,8.5 / 100.0 = 0.085000,Direct percent shares from Table 55 (pre-2012) or Table 1101 (2012+),BLS CEX 1994. Annual aggregate expenditures quintile shares row.,CONFIRMED
1994,Q2 (Second 20%),12.7,100.0,0.127,12.7 / 100.0 = 0.127000,Direct percent shares from Table 55 (pre-2012) or Table 1101 (2012+),BLS CEX 1994. Annual aggregate expenditures quintile shares row.,CONFIRMED
1994,Q3 (Middle 20%),17.5,100.0,0.175,17.5 / 100.0 = 0.175000,Direct percent shares from Table 55 (pre-2012) or Table 1101 (2012+),BLS CEX 1994. Annual aggregate expenditures quintile shares row.,CONFIRMED
1994,Q4 (Fourth 20%),23.9,100.0,0.239,23.9 / 100.0 = 0.239000,Direct percent shares from Table 55 (pre-2012) or Table 1101 (2012+),BLS CEX 1994. Annual aggregate expenditures quintile shares row.,CONFIRMED
1994,Q5 (Top 20%),37.4,100.0,0.374,37.4 / 100.0 = 0.374000,Direct percent shares from Table 55 (pre-2012) or Table 1101 (2012+),BLS CEX 1994. Annual aggregate expenditures quintile shares row.,CONFIRMED
1995,Q1 (Bottom 20%),8.7,99.9,0.087087,8.7 / 99.9 = 0.087087,Direct percent shares from Table 55 (pre-2012) or Table 1101 (2012+),BLS CEX 1995. Annual aggregate expenditures quintile shares row.,CONFIRMED
1995,Q2 (Second 20%),13.1,99.9,0.131131,13.1 / 99.9 = 0.131131,Direct percent shares from Table 55 (pre-2012) or Table 1101 (2012+),BLS CEX 1995. Annual aggregate expenditures quintile shares row.,CONFIRMED
1995,Q3 (Middle 20%),17.3,99.9,0.173173,17.3 / 99.9 = 0.173173,Direct percent shares from Table 55 (pre-2012) or Table 1101 (2012+),BLS CEX 1995. Annual aggregate expenditures quintile shares row.,CONFIRMED
1995,Q4 (Fourth 20%),23.4,99.9,0.234234,23.4 / 99.9 = 0.234234,Direct percent shares from Table 55 (pre-2012) or Table 1101 (2012+),BLS CEX 1995. Annual aggregate expenditures quintile shares row.,CONFIRMED
1995,Q5 (Top 20%),37.4,99.9,0.374374,37.4 / 99.9 = 0.374374,Direct percent shares from Table 55 (pre-2012) or Table 1101 (2012+),BLS CEX 1995. Annual aggregate expenditures quintile shares row.,CONFIRMED
1996,Q1 (Bottom 20%),8.9,100.0,0.089,8.9 / 100.0 = 0.089000,Direct percent shares from Table 55 (pre-2012) or Table 1101 (2012+),BLS CEX 1996. Annual aggregate expenditures quintile shares row.,CONFIRMED
1996,Q2 (Second 20%),12.8,100.0,0.128,12.8 / 100.0 = 0.128000,Direct percent shares from Table 55 (pre-2012) or Table 1101 (2012+),BLS CEX 1996. Annual aggregate expenditures quintile shares row.,CONFIRMED
1996,Q3 (Middle 20%),17.1,100.0,0.171,17.1 / 100.0 = 0.171000,Direct percent shares from Table 55 (pre-2012) or Table 1101 (2012+),BLS CEX 1996. Annual aggregate expenditures quintile shares row.,CONFIRMED
1996,Q4 (Fourth 20%),23.6,100.0,0.236,23.6 / 100.0 = 0.236000,Direct percent shares from Table 55 (pre-2012) or Table 1101 (2012+),BLS CEX 1996. Annual aggregate expenditures quintile shares row.,CONFIRMED
1996,Q5 (Top 20%),37.6,100.0,0.376,37.6 / 100.0 = 0.376000,Direct percent shares from Table 55 (pre-2012) or Table 1101 (2012+),BLS CEX 1996. Annual aggregate expenditures quintile shares row.,CONFIRMED
1997,Q1 (Bottom 20%),8.8,100.0,0.088,8.8 / 100.0 = 0.088000,Direct percent shares from Table 55 (pre-2012) or Table 1101 (2012+),BLS CEX 1997. Annual aggregate expenditures quintile shares row.,CONFIRMED
1997,Q2 (Second 20%),13.0,100.0,0.13,13.0 / 100.0 = 0.130000,Direct percent shares from Table 55 (pre-2012) or Table 1101 (2012+),BLS CEX 1997. Annual aggregate expenditures quintile shares row.,CONFIRMED
1997,Q3 (Middle 20%),17.4,100.0,0.174,17.4 / 100.0 = 0.174000,Direct percent shares from Table 55 (pre-2012) or Table 1101 (2012+),BLS CEX 1997. Annual aggregate expenditures quintile shares row.,CONFIRMED
1997,Q4 (Fourth 20%),23.7,100.0,0.237,23.7 / 100.0 = 0.237000,Direct percent shares from Table 55 (pre-2012) or Table 1101 (2012+),BLS CEX 1997. Annual aggregate expenditures quintile shares row.,CONFIRMED
1997,Q5 (Top 20%),37.1,100.0,0.371,37.1 / 100.0 = 0.371000,Direct percent shares from Table 55 (pre-2012) or Table 1101 (2012+),BLS CEX 1997. Annual aggregate expenditures quintile shares row.,CONFIRMED
1998,Q1 (Bottom 20%),8.9,100.0,0.089,8.9 / 100.0 = 0.089000,Direct percent shares from Table 55 (pre-2012) or Table 1101 (2012+),BLS CEX 1998. Annual aggregate expenditures quintile shares row.,CONFIRMED
1998,Q2 (Second 20%),12.7,100.0,0.127,12.7 / 100.0 = 0.127000,Direct percent shares from Table 55 (pre-2012) or Table 1101 (2012+),BLS CEX 1998. Annual aggregate expenditures quintile shares row.,CONFIRMED
1998,Q3 (Middle 20%),16.8,100.0,0.168,16.8 / 100.0 = 0.168000,Direct percent shares from Table 55 (pre-2012) or Table 1101 (2012+),BLS CEX 1998. Annual aggregate expenditures quintile shares row.,CONFIRMED
1998,Q4 (Fourth 20%),23.5,100.0,0.235,23.5 / 100.0 = 0.235000,Direct percent shares from Table 55 (pre-2012) or Table 1101 (2012+),BLS CEX 1998. Annual aggregate expenditures quintile shares row.,CONFIRMED
1998,Q5 (Top 20%),38.1,100.0,0.381,38.1 / 100.0 = 0.381000,Direct percent shares from Table 55 (pre-2012) or Table 1101 (2012+),BLS CEX 1998. Annual aggregate expenditures quintile shares row.,CONFIRMED
1999,Q1 (Bottom 20%),8.5,100.1,0.084915,8.5 / 100.1 = 0.084915,Direct percent shares from Table 55 (pre-2012) or Table 1101 (2012+),BLS CEX 1999. Annual aggregate expenditures quintile shares row.,CONFIRMED
1999,Q2 (Second 20%),12.7,100.1,0.126873,12.7 / 100.1 = 0.126873,Direct percent shares from Table 55 (pre-2012) or Table 1101 (2012+),BLS CEX 1999. Annual aggregate expenditures quintile shares row.,CONFIRMED
1999,Q3 (Middle 20%),16.9,100.1,0.168831,16.9 / 100.1 = 0.168831,Direct percent shares from Table 55 (pre-2012) or Table 1101 (2012+),BLS CEX 1999. Annual aggregate expenditures quintile shares row.,CONFIRMED
1999,Q4 (Fourth 20%),23.5,100.1,0.234765,23.5 / 100.1 = 0.234765,Direct percent shares from Table 55 (pre-2012) or Table 1101 (2012+),BLS CEX 1999. Annual aggregate expenditures quintile shares row.,CONFIRMED
1999,Q5 (Top 20%),38.5,100.1,0.384615,38.5 / 100.1 = 0.384615,Direct percent shares from Table 55 (pre-2012) or Table 1101 (2012+),BLS CEX 1999. Annual aggregate expenditures quintile shares row.,CONFIRMED
2000,Q1 (Bottom 20%),8.9,100.0,0.089,8.9 / 100.0 = 0.089000,Direct percent shares from Table 55 (pre-2012) or Table 1101 (2012+),BLS CEX 2000. Annual aggregate expenditures quintile shares row.,CONFIRMED
2000,Q2 (Second 20%),13.2,100.0,0.132,13.2 / 100.0 = 0.132000,Direct percent shares from Table 55 (pre-2012) or Table 1101 (2012+),BLS CEX 2000. Annual aggregate expenditures quintile shares row.,CONFIRMED
2000,Q3 (Middle 20%),17.2,100.0,0.172,17.2 / 100.0 = 0.172000,Direct percent shares from Table 55 (pre-2012) or Table 1101 (2012+),BLS CEX 2000. Annual aggregate expenditures quintile shares row.,CONFIRMED
2000,Q4 (Fourth 20%),23.2,100.0,0.232,23.2 / 100.0 = 0.232000,Direct percent shares from Table 55 (pre-2012) or Table 1101 (2012+),BLS CEX 2000. Annual aggregate expenditures quintile shares row.,CONFIRMED
2000,Q5 (Top 20%),37.5,100.0,0.375,37.5 / 100.0 = 0.375000,Direct percent shares from Table 55 (pre-2012) or Table 1101 (2012+),BLS CEX 2000. Annual aggregate expenditures quintile shares row.,CONFIRMED
2001,Q1 (Bottom 20%),9.1,100.0,0.091,9.1 / 100.0 = 0.091000,Direct percent shares from Table 55 (pre-2012) or Table 1101 (2012+),BLS CEX 2001. Annual aggregate expenditures quintile shares row.,CONFIRMED
2001,Q2 (Second 20%),12.8,100.0,0.128,12.8 / 100.0 = 0.128000,Direct percent shares from Table 55 (pre-2012) or Table 1101 (2012+),BLS CEX 2001. Annual aggregate expenditures quintile shares row.,CONFIRMED
2001,Q3 (Middle 20%),17.2,100.0,0.172,17.2 / 100.0 = 0.172000,Direct percent shares from Table 55 (pre-2012) or Table 1101 (2012+),BLS CEX 2001. Annual aggregate expenditures quintile shares row.,CONFIRMED
2001,Q4 (Fourth 20%),23.5,100.0,0.235,23.5 / 100.0 = 0.235000,Direct percent shares from Table 55 (pre-2012) or Table 1101 (2012+),BLS CEX 2001. Annual aggregate expenditures quintile shares row.,CONFIRMED
2001,Q5 (Top 20%),37.4,100.0,0.374,37.4 / 100.0 = 0.374000,Direct percent shares from Table 55 (pre-2012) or Table 1101 (2012+),BLS CEX 2001. Annual aggregate expenditures quintile shares row.,CONFIRMED
2002,Q1 (Bottom 20%),8.9,100.0,0.089,8.9 / 100.0 = 0.089000,Direct percent shares from Table 55 (pre-2012) or Table 1101 (2012+),BLS CEX 2002. Annual aggregate expenditures quintile shares row.,CONFIRMED
2002,Q2 (Second 20%),12.7,100.0,0.127,12.7 / 100.0 = 0.127000,Direct percent shares from Table 55 (pre-2012) or Table 1101 (2012+),BLS CEX 2002. Annual aggregate expenditures quintile shares row.,CONFIRMED
2002,Q3 (Middle 20%),17.3,100.0,0.173,17.3 / 100.0 = 0.173000,Direct percent shares from Table 55 (pre-2012) or Table 1101 (2012+),BLS CEX 2002. Annual aggregate expenditures quintile shares row.,CONFIRMED
2002,Q4 (Fourth 20%),23.7,100.0,0.237,23.7 / 100.0 = 0.237000,Direct percent shares from Table 55 (pre-2012) or Table 1101 (2012+),BLS CEX 2002. Annual aggregate expenditures quintile shares row.,CONFIRMED
2002,Q5 (Top 20%),37.4,100.0,0.374,37.4 / 100.0 = 0.374000,Direct percent shares from Table 55 (pre-2012) or Table 1101 (2012+),BLS CEX 2002. Annual aggregate expenditures quintile shares row.,CONFIRMED
2003,Q1 (Bottom 20%),8.6,99.9,0.086086,8.6 / 99.9 = 0.086086,Direct percent shares from Table 55 (pre-2012) or Table 1101 (2012+),BLS CEX 2003. Annual aggregate expenditures quintile shares row.,CONFIRMED
2003,Q2 (Second 20%),12.4,99.9,0.124124,12.4 / 99.9 = 0.124124,Direct percent shares from Table 55 (pre-2012) or Table 1101 (2012+),BLS CEX 2003. Annual aggregate expenditures quintile shares row.,CONFIRMED
2003,Q3 (Middle 20%),16.9,99.9,0.169169,16.9 / 99.9 = 0.169169,Direct percent shares from Table 55 (pre-2012) or Table 1101 (2012+),BLS CEX 2003. Annual aggregate expenditures quintile shares row.,CONFIRMED
2003,Q4 (Fourth 20%),23.6,99.9,0.236236,23.6 / 99.9 = 0.236236,Direct percent shares from Table 55 (pre-2012) or Table 1101 (2012+),BLS CEX 2003. Annual aggregate expenditures quintile shares row.,CONFIRMED
2003,Q5 (Top 20%),38.4,99.9,0.384384,38.4 / 99.9 = 0.384384,Direct percent shares from Table 55 (pre-2012) or Table 1101 (2012+),BLS CEX 2003. Annual aggregate expenditures quintile shares row.,CONFIRMED
2004,Q1 (Bottom 20%),8.2,99.9,0.082082,8.2 / 99.9 = 0.082082,Direct percent shares from Table 55 (pre-2012) or Table 1101 (2012+),BLS CEX 2004. Annual aggregate expenditures quintile shares row.,CONFIRMED
2004,Q2 (Second 20%),12.6,99.9,0.126126,12.6 / 99.9 = 0.126126,Direct percent shares from Table 55 (pre-2012) or Table 1101 (2012+),BLS CEX 2004. Annual aggregate expenditures quintile shares row.,CONFIRMED
2004,Q3 (Middle 20%),17.0,99.9,0.17017,17.0 / 99.9 = 0.170170,Direct percent shares from Table 55 (pre-2012) or Table 1101 (2012+),BLS CEX 2004. Annual aggregate expenditures quintile shares row.,CONFIRMED
2004,Q4 (Fourth 20%),23.5,99.9,0.235235,23.5 / 99.9 = 0.235235,Direct percent shares from Table 55 (pre-2012) or Table 1101 (2012+),BLS CEX 2004. Annual aggregate expenditures quintile shares row.,CONFIRMED
2004,Q5 (Top 20%),38.6,99.9,0.386386,38.6 / 99.9 = 0.386386,Direct percent shares from Table 55 (pre-2012) or Table 1101 (2012+),BLS CEX 2004. Annual aggregate expenditures quintile shares row.,CONFIRMED
2005,Q1 (Bottom 20%),8.2,99.9,0.082082,8.2 / 99.9 = 0.082082,Direct percent shares from Table 55 (pre-2012) or Table 1101 (2012+),BLS CEX 2005. Annual aggregate expenditures quintile shares row.,CONFIRMED
2005,Q2 (Second 20%),12.5,99.9,0.125125,12.5 / 99.9 = 0.125125,Direct percent shares from Table 55 (pre-2012) or Table 1101 (2012+),BLS CEX 2005. Annual aggregate expenditures quintile shares row.,CONFIRMED
2005,Q3 (Middle 20%),16.8,99.9,0.168168,16.8 / 99.9 = 0.168168,Direct percent shares from Table 55 (pre-2012) or Table 1101 (2012+),BLS CEX 2005. Annual aggregate expenditures quintile shares row.,CONFIRMED
2005,Q4 (Fourth 20%),23.4,99.9,0.234234,23.4 / 99.9 = 0.234234,Direct percent shares from Table 55 (pre-2012) or Table 1101 (2012+),BLS CEX 2005. Annual aggregate expenditures quintile shares row.,CONFIRMED
2005,Q5 (Top 20%),39.0,99.9,0.39039,39.0 / 99.9 = 0.390390,Direct percent shares from Table 55 (pre-2012) or Table 1101 (2012+),BLS CEX 2005. Annual aggregate expenditures quintile shares row.,CONFIRMED
2006,Q1 (Bottom 20%),8.4,99.9,0.084084,8.4 / 99.9 = 0.084084,Direct percent shares from Table 55 (pre-2012) or Table 1101 (2012+),BLS CEX 2006. Annual aggregate expenditures quintile shares row.,CONFIRMED
2006,Q2 (Second 20%),12.5,99.9,0.125125,12.5 / 99.9 = 0.125125,Direct percent shares from Table 55 (pre-2012) or Table 1101 (2012+),BLS CEX 2006. Annual aggregate expenditures quintile shares row.,CONFIRMED
2006,Q3 (Middle 20%),17.1,99.9,0.171171,17.1 / 99.9 = 0.171171,Direct percent shares from Table 55 (pre-2012) or Table 1101 (2012+),BLS CEX 2006. Annual aggregate expenditures quintile shares row.,CONFIRMED
2006,Q4 (Fourth 20%),23.0,99.9,0.23023,23.0 / 99.9 = 0.230230,Direct percent shares from Table 55 (pre-2012) or Table 1101 (2012+),BLS CEX 2006. Annual aggregate expenditures quintile shares row.,CONFIRMED
2006,Q5 (Top 20%),38.9,99.9,0.389389,38.9 / 99.9 = 0.389389,Direct percent shares from Table 55 (pre-2012) or Table 1101 (2012+),BLS CEX 2006. Annual aggregate expenditures quintile shares row.,CONFIRMED
2007,Q1 (Bottom 20%),8.2,100.0,0.082,8.2 / 100.0 = 0.082000,Direct percent shares from Table 55 (pre-2012) or Table 1101 (2012+),BLS CEX 2007. Annual aggregate expenditures quintile shares row.,CONFIRMED
2007,Q2 (Second 20%),12.6,100.0,0.126,12.6 / 100.0 = 0.126000,Direct percent shares from Table 55 (pre-2012) or Table 1101 (2012+),BLS CEX 2007. Annual aggregate expenditures quintile shares row.,CONFIRMED
2007,Q3 (Middle 20%),17.1,100.0,0.171,17.1 / 100.0 = 0.171000,Direct percent shares from Table 55 (pre-2012) or Table 1101 (2012+),BLS CEX 2007. Annual aggregate expenditures quintile shares row.,CONFIRMED
2007,Q4 (Fourth 20%),23.1,100.0,0.231,23.1 / 100.0 = 0.231000,Direct percent shares from Table 55 (pre-2012) or Table 1101 (2012+),BLS CEX 2007. Annual aggregate expenditures quintile shares row.,CONFIRMED
2007,Q5 (Top 20%),39.0,100.0,0.39,39.0 / 100.0 = 0.390000,Direct percent shares from Table 55 (pre-2012) or Table 1101 (2012+),BLS CEX 2007. Annual aggregate expenditures quintile shares row.,CONFIRMED
2008,Q1 (Bottom 20%),8.8,100.0,0.088,8.8 / 100.0 = 0.088000,Direct percent shares from Table 55 (pre-2012) or Table 1101 (2012+),BLS CEX 2008. Annual aggregate expenditures quintile shares row.,CONFIRMED
2008,Q2 (Second 20%),12.6,100.0,0.126,12.6 / 100.0 = 0.126000,Direct percent shares from Table 55 (pre-2012) or Table 1101 (2012+),BLS CEX 2008. Annual aggregate expenditures quintile shares row.,CONFIRMED
2008,Q3 (Middle 20%),16.9,100.0,0.169,16.9 / 100.0 = 0.169000,Direct percent shares from Table 55 (pre-2012) or Table 1101 (2012+),BLS CEX 2008. Annual aggregate expenditures quintile shares row.,CONFIRMED
2008,Q4 (Fourth 20%),23.2,100.0,0.232,23.2 / 100.0 = 0.232000,Direct percent shares from Table 55 (pre-2012) or Table 1101 (2012+),BLS CEX 2008. Annual aggregate expenditures quintile shares row.,CONFIRMED
2008,Q5 (Top 20%),38.5,100.0,0.385,38.5 / 100.0 = 0.385000,Direct percent shares from Table 55 (pre-2012) or Table 1101 (2012+),BLS CEX 2008. Annual aggregate expenditures quintile shares row.,CONFIRMED
2009,Q1 (Bottom 20%),8.8,100.1,0.087912,8.8 / 100.1 = 0.087912,Direct percent shares from Table 55 (pre-2012) or Table 1101 (2012+),BLS CEX 2009. Annual aggregate expenditures quintile shares row.,CONFIRMED
2009,Q2 (Second 20%),12.8,100.1,0.127872,12.8 / 100.1 = 0.127872,Direct percent shares from Table 55 (pre-2012) or Table 1101 (2012+),BLS CEX 2009. Annual aggregate expenditures quintile shares row.,CONFIRMED
2009,Q3 (Middle 20%),16.8,100.1,0.167832,16.8 / 100.1 = 0.167832,Direct percent shares from Table 55 (pre-2012) or Table 1101 (2012+),BLS CEX 2009. Annual aggregate expenditures quintile shares row.,CONFIRMED
2009,Q4 (Fourth 20%),23.2,100.1,0.231768,23.2 / 100.1 = 0.231768,Direct percent shares from Table 55 (pre-2012) or Table 1101 (2012+),BLS CEX 2009. Annual aggregate expenditures quintile shares row.,CONFIRMED
2009,Q5 (Top 20%),38.5,100.1,0.384615,38.5 / 100.1 = 0.384615,Direct percent shares from Table 55 (pre-2012) or Table 1101 (2012+),BLS CEX 2009. Annual aggregate expenditures quintile shares row.,CONFIRMED
2010,Q1 (Bottom 20%),8.7,99.9,0.087087,8.7 / 99.9 = 0.087087,Direct percent shares from Table 55 (pre-2012) or Table 1101 (2012+),BLS CEX 2010. Annual aggregate expenditures quintile shares row.,CONFIRMED
2010,Q2 (Second 20%),12.6,99.9,0.126126,12.6 / 99.9 = 0.126126,Direct percent shares from Table 55 (pre-2012) or Table 1101 (2012+),BLS CEX 2010. Annual aggregate expenditures quintile shares row.,CONFIRMED
2010,Q3 (Middle 20%),17.1,99.9,0.171171,17.1 / 99.9 = 0.171171,Direct percent shares from Table 55 (pre-2012) or Table 1101 (2012+),BLS CEX 2010. Annual aggregate expenditures quintile shares row.,CONFIRMED
2010,Q4 (Fourth 20%),22.9,99.9,0.229229,22.9 / 99.9 = 0.229229,Direct percent shares from Table 55 (pre-2012) or Table 1101 (2012+),BLS CEX 2010. Annual aggregate expenditures quintile shares row.,CONFIRMED
2010,Q5 (Top 20%),38.6,99.9,0.386386,38.6 / 99.9 = 0.386386,Direct percent shares from Table 55 (pre-2012) or Table 1101 (2012+),BLS CEX 2010. Annual aggregate expenditures quintile shares row.,CONFIRMED
2011,Q1 (Bottom 20%),8.8,100.0,0.088,8.8 / 100.0 = 0.088000,Direct percent shares from Table 55 (pre-2012) or Table 1101 (2012+),BLS CEX 2011. Annual aggregate expenditures quintile shares row.,CONFIRMED
2011,Q2 (Second 20%),12.9,100.0,0.129,12.9 / 100.0 = 0.129000,Direct percent shares from Table 55 (pre-2012) or Table 1101 (2012+),BLS CEX 2011. Annual aggregate expenditures quintile shares row.,CONFIRMED
2011,Q3 (Middle 20%),17.1,100.0,0.171,17.1 / 100.0 = 0.171000,Direct percent shares from Table 55 (pre-2012) or Table 1101 (2012+),BLS CEX 2011. Annual aggregate expenditures quintile shares row.,CONFIRMED
2011,Q4 (Fourth 20%),23.2,100.0,0.232,23.2 / 100.0 = 0.232000,Direct percent shares from Table 55 (pre-2012) or Table 1101 (2012+),BLS CEX 2011. Annual aggregate expenditures quintile shares row.,CONFIRMED
2011,Q5 (Top 20%),38.0,100.0,0.38,38.0 / 100.0 = 0.380000,Direct percent shares from Table 55 (pre-2012) or Table 1101 (2012+),BLS CEX 2011. Annual aggregate expenditures quintile shares row.,CONFIRMED
2012,Q1 (Bottom 20%),8.6,100.0,0.086,8.6 / 100.0 = 0.086000,Direct percent shares from Table 55 (pre-2012) or Table 1101 (2012+),BLS CEX 2012. Annual aggregate expenditures quintile shares row.,CONFIRMED
2012,Q2 (Second 20%),12.7,100.0,0.127,12.7 / 100.0 = 0.127000,Direct percent shares from Table 55 (pre-2012) or Table 1101 (2012+),BLS CEX 2012. Annual aggregate expenditures quintile shares row.,CONFIRMED
2012,Q3 (Middle 20%),16.7,100.0,0.167,16.7 / 100.0 = 0.167000,Direct percent shares from Table 55 (pre-2012) or Table 1101 (2012+),BLS CEX 2012. Annual aggregate expenditures quintile shares row.,CONFIRMED
2012,Q4 (Fourth 20%),23.3,100.0,0.233,23.3 / 100.0 = 0.233000,Direct percent shares from Table 55 (pre-2012) or Table 1101 (2012+),BLS CEX 2012. Annual aggregate expenditures quintile shares row.,CONFIRMED
2012,Q5 (Top 20%),38.7,100.0,0.387,38.7 / 100.0 = 0.387000,Direct percent shares from Table 55 (pre-2012) or Table 1101 (2012+),BLS CEX 2012. Annual aggregate expenditures quintile shares row.,CONFIRMED
2013,Q1 (Bottom 20%),8.8,100.1,0.087912,8.8 / 100.1 = 0.087912,Direct percent shares from Table 55 (pre-2012) or Table 1101 (2012+),BLS CEX 2013. Annual aggregate expenditures quintile shares row.,CONFIRMED
2013,Q2 (Second 20%),12.8,100.1,0.127872,12.8 / 100.1 = 0.127872,Direct percent shares from Table 55 (pre-2012) or Table 1101 (2012+),BLS CEX 2013. Annual aggregate expenditures quintile shares row.,CONFIRMED
2013,Q3 (Middle 20%),16.6,100.1,0.165834,16.6 / 100.1 = 0.165834,Direct percent shares from Table 55 (pre-2012) or Table 1101 (2012+),BLS CEX 2013. Annual aggregate expenditures quintile shares row.,CONFIRMED
2013,Q4 (Fourth 20%),23.1,100.1,0.230769,23.1 / 100.1 = 0.230769,Direct percent shares from Table 55 (pre-2012) or Table 1101 (2012+),BLS CEX 2013. Annual aggregate expenditures quintile shares row.,CONFIRMED
2013,Q5 (Top 20%),38.8,100.1,0.387612,38.8 / 100.1 = 0.387612,Direct percent shares from Table 55 (pre-2012) or Table 1101 (2012+),BLS CEX 2013. Annual aggregate expenditures quintile shares row.,CONFIRMED
2014,Q1 (Bottom 20%),8.9,100.0,0.089,8.9 / 100.0 = 0.089000,Direct percent shares from Table 55 (pre-2012) or Table 1101 (2012+),BLS CEX 2014. Annual aggregate expenditures quintile shares row.,CONFIRMED
2014,Q2 (Second 20%),12.5,100.0,0.125,12.5 / 100.0 = 0.125000,Direct percent shares from Table 55 (pre-2012) or Table 1101 (2012+),BLS CEX 2014. Annual aggregate expenditures quintile shares row.,CONFIRMED
2014,Q3 (Middle 20%),17.0,100.0,0.17,17.0 / 100.0 = 0.170000,Direct percent shares from Table 55 (pre-2012) or Table 1101 (2012+),BLS CEX 2014. Annual aggregate expenditures quintile shares row.,CONFIRMED
2014,Q4 (Fourth 20%),22.6,100.0,0.226,22.6 / 100.0 = 0.226000,Direct percent shares from Table 55 (pre-2012) or Table 1101 (2012+),BLS CEX 2014. Annual aggregate expenditures quintile shares row.,CONFIRMED
2014,Q5 (Top 20%),39.0,100.0,0.39,39.0 / 100.0 = 0.390000,Direct percent shares from Table 55 (pre-2012) or Table 1101 (2012+),BLS CEX 2014. Annual aggregate expenditures quintile shares row.,CONFIRMED
2015,Q1 (Bottom 20%),8.7,100.0,0.087,8.7 / 100.0 = 0.087000,Direct percent shares from Table 55 (pre-2012) or Table 1101 (2012+),BLS CEX 2015. Annual aggregate expenditures quintile shares row.,CONFIRMED
2015,Q2 (Second 20%),12.5,100.0,0.125,12.5 / 100.0 = 0.125000,Direct percent shares from Table 55 (pre-2012) or Table 1101 (2012+),BLS CEX 2015. Annual aggregate expenditures quintile shares row.,CONFIRMED
2015,Q3 (Middle 20%),16.4,100.0,0.164,16.4 / 100.0 = 0.164000,Direct percent shares from Table 55 (pre-2012) or Table 1101 (2012+),BLS CEX 2015. Annual aggregate expenditures quintile shares row.,CONFIRMED
2015,Q4 (Fourth 20%),22.8,100.0,0.228,22.8 / 100.0 = 0.228000,Direct percent shares from Table 55 (pre-2012) or Table 1101 (2012+),BLS CEX 2015. Annual aggregate expenditures quintile shares row.,CONFIRMED
2015,Q5 (Top 20%),39.6,100.0,0.396,39.6 / 100.0 = 0.396000,Direct percent shares from Table 55 (pre-2012) or Table 1101 (2012+),BLS CEX 2015. Annual aggregate expenditures quintile shares row.,CONFIRMED
2016,Q1 (Bottom 20%),8.8,100.0,0.088,8.8 / 100.0 = 0.088000,Direct percent shares from Table 55 (pre-2012) or Table 1101 (2012+),BLS CEX 2016. Annual aggregate expenditures quintile shares row.,CONFIRMED
2016,Q2 (Second 20%),12.9,100.0,0.129,12.9 / 100.0 = 0.129000,Direct percent shares from Table 55 (pre-2012) or Table 1101 (2012+),BLS CEX 2016. Annual aggregate expenditures quintile shares row.,CONFIRMED
2016,Q3 (Middle 20%),16.6,100.0,0.166,16.6 / 100.0 = 0.166000,Direct percent shares from Table 55 (pre-2012) or Table 1101 (2012+),BLS CEX 2016. Annual aggregate expenditures quintile shares row.,CONFIRMED
2016,Q4 (Fourth 20%),22.6,100.0,0.226,22.6 / 100.0 = 0.226000,Direct percent shares from Table 55 (pre-2012) or Table 1101 (2012+),BLS CEX 2016. Annual aggregate expenditures quintile shares row.,CONFIRMED
2016,Q5 (Top 20%),39.1,100.0,0.391,39.1 / 100.0 = 0.391000,Direct percent shares from Table 55 (pre-2012) or Table 1101 (2012+),BLS CEX 2016. Annual aggregate expenditures quintile shares row.,CONFIRMED
2017,Q1 (Bottom 20%),8.7,100.1,0.086913,8.7 / 100.1 = 0.086913,Direct percent shares from Table 55 (pre-2012) or Table 1101 (2012+),BLS CEX 2017. Annual aggregate expenditures quintile shares row.,CONFIRMED
2017,Q2 (Second 20%),13.1,100.1,0.130869,13.1 / 100.1 = 0.130869,Direct percent shares from Table 55 (pre-2012) or Table 1101 (2012+),BLS CEX 2017. Annual aggregate expenditures quintile shares row.,CONFIRMED
2017,Q3 (Middle 20%),16.8,100.1,0.167832,16.8 / 100.1 = 0.167832,Direct percent shares from Table 55 (pre-2012) or Table 1101 (2012+),BLS CEX 2017. Annual aggregate expenditures quintile shares row.,CONFIRMED
2017,Q4 (Fourth 20%),22.6,100.1,0.225774,22.6 / 100.1 = 0.225774,Direct percent shares from Table 55 (pre-2012) or Table 1101 (2012+),BLS CEX 2017. Annual aggregate expenditures quintile shares row.,CONFIRMED
2017,Q5 (Top 20%),38.9,100.1,0.388611,38.9 / 100.1 = 0.388611,Direct percent shares from Table 55 (pre-2012) or Table 1101 (2012+),BLS CEX 2017. Annual aggregate expenditures quintile shares row.,CONFIRMED
2018,Q1 (Bottom 20%),8.6,100.0,0.086,8.6 / 100.0 = 0.086000,Direct percent shares from Table 55 (pre-2012) or Table 1101 (2012+),BLS CEX 2018. Annual aggregate expenditures quintile shares row.,CONFIRMED
2018,Q2 (Second 20%),13.1,100.0,0.131,13.1 / 100.0 = 0.131000,Direct percent shares from Table 55 (pre-2012) or Table 1101 (2012+),BLS CEX 2018. Annual aggregate expenditures quintile shares row.,CONFIRMED
2018,Q3 (Middle 20%),16.9,100.0,0.169,16.9 / 100.0 = 0.169000,Direct percent shares from Table 55 (pre-2012) or Table 1101 (2012+),BLS CEX 2018. Annual aggregate expenditures quintile shares row.,CONFIRMED
2018,Q4 (Fourth 20%),22.5,100.0,0.225,22.5 / 100.0 = 0.225000,Direct percent shares from Table 55 (pre-2012) or Table 1101 (2012+),BLS CEX 2018. Annual aggregate expenditures quintile shares row.,CONFIRMED
2018,Q5 (Top 20%),38.9,100.0,0.389,38.9 / 100.0 = 0.389000,Direct percent shares from Table 55 (pre-2012) or Table 1101 (2012+),BLS CEX 2018. Annual aggregate expenditures quintile shares row.,CONFIRMED
2019,Q1 (Bottom 20%),9.1,100.0,0.091,9.1 / 100.0 = 0.091000,Direct percent shares from Table 55 (pre-2012) or Table 1101 (2012+),BLS CEX 2019. Annual aggregate expenditures quintile shares row.,CONFIRMED
2019,Q2 (Second 20%),12.8,100.0,0.128,12.8 / 100.0 = 0.128000,Direct percent shares from Table 55 (pre-2012) or Table 1101 (2012+),BLS CEX 2019. Annual aggregate expenditures quintile shares row.,CONFIRMED
2019,Q3 (Middle 20%),16.9,100.0,0.169,16.9 / 100.0 = 0.169000,Direct percent shares from Table 55 (pre-2012) or Table 1101 (2012+),BLS CEX 2019. Annual aggregate expenditures quintile shares row.,CONFIRMED
2019,Q4 (Fourth 20%),22.5,100.0,0.225,22.5 / 100.0 = 0.225000,Direct percent shares from Table 55 (pre-2012) or Table 1101 (2012+),BLS CEX 2019. Annual aggregate expenditures quintile shares row.,CONFIRMED
2019,Q5 (Top 20%),38.7,100.0,0.387,38.7 / 100.0 = 0.387000,Direct percent shares from Table 55 (pre-2012) or Table 1101 (2012+),BLS CEX 2019. Annual aggregate expenditures quintile shares row.,CONFIRMED
2020,Q1 (Bottom 20%),9.4,100.0,0.094,9.4 / 100.0 = 0.094000,Direct percent shares from Table 55 (pre-2012) or Table 1101 (2012+),BLS CEX 2020. Annual aggregate expenditures quintile shares row.,CONFIRMED
2020,Q2 (Second 20%),13.0,100.0,0.13,13.0 / 100.0 = 0.130000,Direct percent shares from Table 55 (pre-2012) or Table 1101 (2012+),BLS CEX 2020. Annual aggregate expenditures quintile shares row.,CONFIRMED
2020,Q3 (Middle 20%),16.9,100.0,0.169,16.9 / 100.0 = 0.169000,Direct percent shares from Table 55 (pre-2012) or Table 1101 (2012+),BLS CEX 2020. Annual aggregate expenditures quintile shares row.,CONFIRMED
2020,Q4 (Fourth 20%),23.4,100.0,0.234,23.4 / 100.0 = 0.234000,Direct percent shares from Table 55 (pre-2012) or Table 1101 (2012+),BLS CEX 2020. Annual aggregate expenditures quintile shares row.,CONFIRMED
2020,Q5 (Top 20%),37.3,100.0,0.373,37.3 / 100.0 = 0.373000,Direct percent shares from Table 55 (pre-2012) or Table 1101 (2012+),BLS CEX 2020. Annual aggregate expenditures quintile shares row.,CONFIRMED
2021,Q1 (Bottom 20%),9.2,100.0,0.092,9.2 / 100.0 = 0.092000,Direct percent shares from Table 55 (pre-2012) or Table 1101 (2012+),BLS CEX 2021. Annual aggregate expenditures quintile shares row.,CONFIRMED
2021,Q2 (Second 20%),13.1,100.0,0.131,13.1 / 100.0 = 0.131000,Direct percent shares from Table 55 (pre-2012) or Table 1101 (2012+),BLS CEX 2021. Annual aggregate expenditures quintile shares row.,CONFIRMED
2021,Q3 (Middle 20%),16.7,100.0,0.167,16.7 / 100.0 = 0.167000,Direct percent shares from Table 55 (pre-2012) or Table 1101 (2012+),BLS CEX 2021. Annual aggregate expenditures quintile shares row.,CONFIRMED
2021,Q4 (Fourth 20%),22.5,100.0,0.225,22.5 / 100.0 = 0.225000,Direct percent shares from Table 55 (pre-2012) or Table 1101 (2012+),BLS CEX 2021. Annual aggregate expenditures quintile shares row.,CONFIRMED
2021,Q5 (Top 20%),38.5,100.0,0.385,38.5 / 100.0 = 0.385000,Direct percent shares from Table 55 (pre-2012) or Table 1101 (2012+),BLS CEX 2021. Annual aggregate expenditures quintile shares row.,CONFIRMED
2022,Q1 (Bottom 20%),8.9,100.0,0.089,8.9 / 100.0 = 0.089000,Direct percent shares from Table 55 (pre-2012) or Table 1101 (2012+),BLS CEX 2022. Annual aggregate expenditures quintile shares row.,CONFIRMED
2022,Q2 (Second 20%),13.1,100.0,0.131,13.1 / 100.0 = 0.131000,Direct percent shares from Table 55 (pre-2012) or Table 1101 (2012+),BLS CEX 2022. Annual aggregate expenditures quintile shares row.,CONFIRMED
2022,Q3 (Middle 20%),16.9,100.0,0.169,16.9 / 100.0 = 0.169000,Direct percent shares from Table 55 (pre-2012) or Table 1101 (2012+),BLS CEX 2022. Annual aggregate expenditures quintile shares row.,CONFIRMED
2022,Q4 (Fourth 20%),22.5,100.0,0.225,22.5 / 100.0 = 0.225000,Direct percent shares from Table 55 (pre-2012) or Table 1101 (2012+),BLS CEX 2022. Annual aggregate expenditures quintile shares row.,CONFIRMED
2022,Q5 (Top 20%),38.6,100.0,0.386,38.6 / 100.0 = 0.386000,Direct percent shares from Table 55 (pre-2012) or Table 1101 (2012+),BLS CEX 2022. Annual aggregate expenditures quintile shares row.,CONFIRMED
