year,CPI_U_idx,Chained_idx,True_CPI_idx,CPI_U_cum,Chained_cum,True_CPI_cum,quality_bias_pp,cum_quality_deflator,CPIMEDSL,SUUR0000SAM,cpi_med_cum,ccpi_med_cum,CUSR0000SAH1,SUUR0000SAH1,CUSR0000SETB01,dbpi_cumulative,dbpi_cum
1979,100.0,100.0,100.0,0.0,0.0,0.0,0.6,1.0,67.475,,-73.0701,,68.8667,,70.1417,,
1980,113.5017,110.7688,110.1081,13.5017,10.7688,10.1081,0.6,1.006,74.8583,,-70.1234,,80.9583,,97.4667,,
1981,125.2813,120.6924,119.257,25.2813,20.6924,19.257,0.6,1.012,82.925,,-66.9039,,90.425,,108.5167,,
1982,132.9966,127.3964,125.1305,32.9966,27.3964,25.1305,0.6,1.0181,92.6167,,-63.0359,,96.8333,,102.8167,,
1983,137.1986,132.8149,129.6746,37.1986,32.8149,29.6746,0.6,1.0242,100.6583,,-59.8264,,99.1333,,99.4,,
1984,143.1917,137.8315,133.77,43.1917,37.8315,33.77,0.6,1.0304,106.975,,-57.3054,,103.925,,97.7833,,
1985,148.2434,142.6394,137.6105,48.2434,42.6394,37.6105,0.6,1.0365,113.6167,,-54.6546,,109.7667,,98.5667,,
1986,151.1251,145.7429,139.766,51.1251,45.7429,39.766,0.6,1.0428,122.1667,,-51.2422,,115.775,,77.125,,
1987,156.5327,150.2473,143.2263,56.5327,50.2473,43.2263,0.6,1.049,130.175,,-48.046,,121.2667,,80.075,,
1988,162.9506,156.1185,147.9356,62.9506,56.1185,47.9356,0.6,1.0553,138.625,,-44.6736,,127.0833,,80.775,,
1989,170.7577,162.9358,153.4747,70.7577,62.9358,53.4747,0.6,1.0616,149.25,,-40.433,,132.8333,,88.4083,,
1990,180.0115,170.0892,159.2571,80.0115,70.0892,59.2571,0.6,1.068,162.8083,,-35.0218,,139.975,,100.8583,,
1991,187.6005,175.7768,163.601,87.6005,75.7768,63.601,0.6,1.0744,177.0167,,-29.3511,,146.275,,99.2667,,
1992,193.3065,180.4622,166.96,93.3065,80.4622,66.96,0.6,1.0809,190.0583,,-24.1461,,151.2,,98.9667,,
1993,199.0471,184.9573,170.0982,99.0471,84.9573,70.0982,0.6,1.0874,201.4,,-19.6195,,155.7417,,97.825,,
1994,204.2135,188.8168,172.6119,104.2135,88.8168,72.6119,0.6,1.0939,211.025,,-15.7781,,160.525,,98.2,,
1995,209.9426,192.7921,175.195,109.9426,92.7921,75.195,0.6,1.1004,220.45,,-12.0165,,165.7,,99.7917,,
1996,216.1079,196.915,177.8743,116.1079,96.915,77.8743,0.6,1.107,228.2667,,-8.8968,,171.025,,105.85,,
1997,221.1596,200.3419,179.8905,121.1596,100.3419,79.8905,0.6,1.1137,234.5917,,-6.3724,,176.2917,,105.8,,
1998,224.5809,201.9361,180.2405,124.5809,101.9361,80.2405,0.6,1.1204,242.125,,-3.3658,,182.1083,,91.6583,,
1999,229.5063,204.8784,181.776,129.5063,104.8784,81.776,0.6,1.1271,250.5583,100.0,0.0,0.0,187.25,100.0,100.1333,1.0169,0.0
2000,237.2331,210.0602,185.6865,137.2331,110.0602,85.6865,0.37,1.1313,260.75,102.4583,4.0676,2.4583,193.3417,102.5917,128.5333,1.0653,4.7616
2001,243.915,214.7973,189.1739,143.915,114.7973,89.1739,0.37,1.1354,272.7667,107.0667,8.8635,7.0667,200.5417,106.4167,123.7667,1.1079,8.9438
2002,247.8071,217.5091,190.8561,147.8071,117.5091,90.8561,0.37,1.1396,285.6333,112.0167,13.9987,12.0167,208.0833,110.05,115.9667,1.1273,10.857
2003,253.5017,221.9372,194.0237,153.5017,121.9372,94.0237,0.37,1.1439,297.0583,116.3667,18.5586,16.3667,213.125,112.55,135.525,1.1767,15.7084
2004,260.2641,227.498,198.152,160.2641,127.498,98.152,0.37,1.1481,310.1417,121.375,23.7802,21.375,218.8417,115.575,159.8,1.2493,22.8522
2005,269.0241,234.1573,203.2004,169.0241,134.1573,103.2004,0.37,1.1523,323.225,126.3917,29.0019,26.3917,224.4083,118.4833,194.825,1.3109,28.9038
2006,277.6923,240.954,208.3277,177.6923,140.954,108.3277,0.37,1.1566,336.1917,131.375,34.177,31.375,232.1333,122.5333,219.4917,1.341,31.865
2007,285.6636,247.0608,212.8202,185.6636,147.0608,112.8202,0.37,1.1609,351.0649,136.8541,40.113,36.8541,240.6014,126.7478,238.0352,1.3835,36.049
2008,296.5615,256.2803,219.9482,196.5615,156.2803,119.9482,0.37,1.1652,364.0715,141.5657,45.3041,41.5657,246.654,129.924,276.4296,1.4093,38.5848
2009,295.6115,255.0798,218.1108,195.6115,155.0798,118.1108,0.37,1.1695,375.6082,145.7359,49.9085,45.7359,249.3567,131.5145,202.1606,1.4028,37.9408
2010,300.4494,258.7134,220.4023,200.4494,158.7134,120.4023,0.37,1.1738,388.4232,150.2271,55.023,50.2271,248.3937,131.0982,239.1118,1.436,41.2105
2011,309.8824,266.6191,226.3,209.8824,166.6191,126.3,0.37,1.1782,400.2413,154.5729,59.7397,54.5729,251.6448,132.7914,301.2998,1.4456,42.1539
2012,316.3069,271.8149,229.8596,216.3069,171.8149,129.8596,0.37,1.1825,414.9234,160.4699,65.5995,60.4699,257.0805,135.5983,311.2958,1.4593,43.5064
2013,320.9439,275.1429,231.8162,220.9439,175.1429,131.8162,0.37,1.1869,425.1325,164.5945,69.6741,64.5945,263.0503,138.6303,302.3798,1.4903,46.5481
2014,326.1286,279.123,234.3026,226.1286,179.123,134.3026,0.37,1.1913,435.306,168.417,73.7344,68.417,270.5093,142.3691,290.2776,1.4816,45.6923
2015,326.5237,278.7899,233.1603,226.5237,178.7899,133.1603,0.37,1.1957,446.7617,172.7532,78.3065,72.7532,278.8021,146.6227,211.4472,1.4776,45.3032
2016,330.6619,281.3906,234.4678,230.6619,181.3906,134.4678,0.37,1.2001,463.6782,179.2798,85.058,79.2798,288.233,151.3263,187.532,1.5039,47.89
2017,337.7098,286.3556,237.7253,237.7098,186.3556,137.7253,0.37,1.2046,475.3174,183.4924,89.7033,83.4924,297.8087,156.1197,212.1199,1.5309,50.5427
2018,345.9465,292.1351,241.7979,245.9465,192.1351,141.7979,0.3,1.2082,484.7041,186.6123,93.4496,86.6123,307.6563,161.0626,240.4572,1.5623,53.6322
2019,352.2194,296.3814,244.5788,252.2194,196.3814,144.5788,0.3,1.2118,498.4019,191.2653,98.9165,91.2653,318.0479,166.2856,231.8675,1.6244,59.7359
2020,356.6325,299.5649,246.4665,256.6325,199.5649,146.4665,0.3,1.2154,518.8561,197.5032,107.08,97.5032,325.901,170.2637,194.9814,1.7555,72.6247
2021,373.3273,312.9527,256.7111,273.3273,212.9527,156.7111,0.3,1.2191,525.2646,200.5068,109.6376,100.5068,334.584,174.9353,264.1928,1.8814,85.0093
2022,403.1592,336.9811,275.5946,303.1592,236.9811,175.5946,0.3,1.2227,546.5509,208.4498,118.1332,108.4498,354.2377,185.0298,346.8652,1.9979,96.4671
